Gender,Married,Dependents,Education,Self_Employed,ApplicantIncome,CoapplicantIncome,Loan_Amount_Term,Credit_History,Property_Area,Loan_Status,age,LoanAmountScale,TotalIncome,MonthlyPayment,DebtToIncomeRatio,TotalIncomeCut
Male,No,0,Graduate,No,5849,0.0,360.0,1.0,Urban,Y,45.0,128000.0,5849.0,355.55555555555554,0.060789118747744154,2nd part
Male,Yes,1,Graduate,No,4583,1508.0,360.0,1.0,Rural,N,48.0,128000.0,6091.0,355.55555555555554,0.05837392145059195,2nd part
Male,Yes,0,Graduate,Yes,3000,0.0,360.0,1.0,Urban,Y,34.0,66000.0,3000.0,183.33333333333334,0.061111111111111116,1st part
Male,Yes,0,Not Graduate,No,2583,2358.0,360.0,1.0,Urban,Y,34.0,120000.0,4941.0,333.3333333333333,0.067462726843419,1st part
Male,No,0,Graduate,No,6000,0.0,360.0,1.0,Urban,Y,38.0,141000.0,6000.0,391.6666666666667,0.06527777777777778,2nd part
Male,Yes,2,Graduate,Yes,5417,4196.0,360.0,1.0,Urban,Y,49.0,267000.0,9613.0,741.6666666666666,0.07715246714518534,3rd part
Male,Yes,0,Not Graduate,No,2333,1516.0,360.0,1.0,Urban,Y,51.0,95000.0,3849.0,263.8888888888889,0.06856037643255103,1st part
Male,Yes,3+,Graduate,No,3036,2504.0,360.0,0.0,Semiurban,N,36.0,158000.0,5540.0,438.8888888888889,0.07922182109907742,2nd part
Male,Yes,2,Graduate,No,4006,1526.0,360.0,1.0,Urban,Y,42.0,168000.0,5532.0,466.6666666666667,0.08435767654856592,2nd part
Male,Yes,2,Graduate,No,3200,700.0,360.0,1.0,Urban,Y,57.0,70000.0,3900.0,194.44444444444446,0.04985754985754986,1st part
Male,Yes,2,Graduate,No,2500,1840.0,360.0,1.0,Urban,Y,54.0,109000.0,4340.0,302.77777777777777,0.06976446492575525,1st part
Male,Yes,2,Graduate,No,3073,8106.0,360.0,1.0,Urban,Y,33.0,200000.0,11179.0,555.5555555555555,0.04969635526930455,3rd part
Male,No,0,Graduate,No,1853,2840.0,360.0,1.0,Rural,N,52.0,114000.0,4693.0,316.6666666666667,0.06747638326585695,1st part
Male,Yes,2,Graduate,No,1299,1086.0,120.0,1.0,Urban,Y,32.0,17000.0,2385.0,141.66666666666666,0.0593990216631726,1st part
Male,No,0,Graduate,No,4950,0.0,360.0,1.0,Urban,Y,49.0,125000.0,4950.0,347.22222222222223,0.07014590347923681,1st part
Male,No,1,Not Graduate,No,3596,0.0,240.0,1.0,Urban,Y,47.0,100000.0,3596.0,416.6666666666667,0.11586948461253245,1st part
Female,No,0,Graduate,No,3510,0.0,360.0,0.0,Urban,N,57.0,76000.0,3510.0,211.11111111111111,0.06014561570117126,1st part
Male,Yes,0,Not Graduate,No,4887,0.0,360.0,1.0,Rural,N,51.0,133000.0,4887.0,369.44444444444446,0.07559738990064344,1st part
Male,Yes,0,Graduate,No,2600,3500.0,360.0,1.0,Urban,Y,41.0,115000.0,6100.0,319.44444444444446,0.05236794171220401,2nd part
Male,Yes,0,Not Graduate,No,7660,0.0,360.0,0.0,Urban,N,37.0,104000.0,7660.0,288.8888888888889,0.037713954163040325,2nd part
Male,Yes,1,Graduate,No,5955,5625.0,360.0,1.0,Urban,Y,32.0,315000.0,11580.0,875.0,0.07556131260794473,3rd part
Male,Yes,0,Not Graduate,No,2600,1911.0,360.0,0.0,Semiurban,N,49.0,116000.0,4511.0,322.22222222222223,0.07143033079632503,1st part
Male,Yes,2,Not Graduate,No,3365,1917.0,360.0,0.0,Rural,N,46.0,112000.0,5282.0,311.1111111111111,0.058900248222474645,1st part
Male,Yes,1,Graduate,No,3717,2925.0,360.0,1.0,Semiurban,N,56.0,151000.0,6642.0,419.44444444444446,0.0631503228612533,2nd part
Male,Yes,0,Graduate,Yes,9560,0.0,360.0,1.0,Semiurban,Y,46.0,191000.0,9560.0,530.5555555555555,0.055497443049744306,3rd part
Male,Yes,0,Graduate,No,2799,2253.0,360.0,1.0,Semiurban,Y,32.0,122000.0,5052.0,338.8888888888889,0.06708014427729393,1st part
Male,Yes,2,Not Graduate,No,4226,1040.0,360.0,1.0,Urban,Y,47.0,110000.0,5266.0,305.55555555555554,0.05802422247541883,1st part
Male,No,0,Not Graduate,No,1442,0.0,360.0,1.0,Urban,N,32.0,35000.0,1442.0,97.22222222222223,0.0674217907227616,1st part
Female,No,2,Graduate,No,3750,2083.0,360.0,1.0,Semiurban,Y,57.0,120000.0,5833.0,333.3333333333333,0.05714612263557917,2nd part
Male,Yes,1,Graduate,No,4166,3369.0,360.0,1.0,Urban,N,57.0,201000.0,7535.0,558.3333333333334,0.07409865074098651,2nd part
Male,No,0,Graduate,No,3167,0.0,360.0,1.0,Urban,N,33.0,74000.0,3167.0,205.55555555555554,0.0649054485492755,1st part
Male,No,1,Graduate,Yes,4692,0.0,360.0,1.0,Rural,N,53.0,106000.0,4692.0,294.44444444444446,0.0627545704272047,1st part
Male,Yes,0,Graduate,No,3500,1667.0,360.0,1.0,Semiurban,Y,51.0,114000.0,5167.0,316.6666666666667,0.06128636862137927,1st part
Male,No,3+,Graduate,No,12500,3000.0,360.0,1.0,Rural,N,40.0,320000.0,15500.0,888.8888888888889,0.05734767025089606,4th part
Male,Yes,0,Graduate,No,2275,2067.0,360.0,1.0,Urban,Y,46.0,128000.0,4342.0,355.55555555555554,0.08188750703720764,1st part
Male,Yes,0,Graduate,No,1828,1330.0,360.0,0.0,Urban,N,40.0,100000.0,3158.0,277.77777777777777,0.08796003096193089,1st part
Female,Yes,0,Graduate,No,3667,1459.0,360.0,1.0,Semiurban,Y,36.0,144000.0,5126.0,400.0,0.07803355442840422,1st part
Male,No,0,Graduate,No,4166,7210.0,360.0,1.0,Urban,Y,32.0,184000.0,11376.0,511.1111111111111,0.0449288951398656,3rd part
Male,No,0,Not Graduate,No,3748,1668.0,360.0,1.0,Semiurban,Y,48.0,110000.0,5416.0,305.55555555555554,0.056417200065649105,2nd part
Male,No,0,Graduate,No,3600,0.0,360.0,1.0,Urban,N,52.0,80000.0,3600.0,222.22222222222223,0.0617283950617284,1st part
Male,No,0,Graduate,No,1800,1213.0,360.0,1.0,Urban,Y,36.0,47000.0,3013.0,130.55555555555554,0.04333075192683556,1st part
Male,Yes,0,Graduate,No,2400,0.0,360.0,1.0,Urban,Y,49.0,75000.0,2400.0,208.33333333333334,0.08680555555555557,1st part
Male,Yes,0,Graduate,No,3941,2336.0,360.0,1.0,Semiurban,Y,55.0,134000.0,6277.0,372.22222222222223,0.05929938222434638,2nd part
Male,Yes,0,Not Graduate,Yes,4695,0.0,360.0,1.0,Urban,Y,35.0,96000.0,4695.0,266.6666666666667,0.05679801206957757,1st part
Female,No,0,Graduate,No,3410,0.0,360.0,1.0,Urban,Y,34.0,88000.0,3410.0,244.44444444444446,0.07168458781362008,1st part
Male,Yes,1,Graduate,No,5649,0.0,360.0,1.0,Urban,Y,52.0,44000.0,5649.0,122.22222222222223,0.02163608111563502,2nd part
Male,Yes,0,Graduate,No,5821,0.0,360.0,1.0,Urban,Y,39.0,144000.0,5821.0,400.0,0.0687167153410067,2nd part
Female,Yes,0,Graduate,No,2645,3440.0,360.0,0.0,Urban,N,54.0,120000.0,6085.0,333.3333333333333,0.05477951246233908,2nd part
Female,No,0,Graduate,No,4000,2275.0,360.0,1.0,Semiurban,Y,34.0,144000.0,6275.0,400.0,0.06374501992031872,2nd part
Female,Yes,0,Not Graduate,No,1928,1644.0,360.0,1.0,Semiurban,Y,52.0,100000.0,3572.0,277.77777777777777,0.07776533532412591,1st part
Female,No,0,Graduate,No,3086,0.0,360.0,1.0,Semiurban,Y,47.0,120000.0,3086.0,333.3333333333333,0.1080146899978397,1st part
Female,No,0,Graduate,No,4230,0.0,360.0,1.0,Semiurban,N,56.0,112000.0,4230.0,311.1111111111111,0.07354872603099553,1st part
Male,Yes,2,Graduate,No,4616,0.0,360.0,1.0,Urban,N,46.0,134000.0,4616.0,372.22222222222223,0.08063739649528211,1st part
Female,Yes,1,Graduate,Yes,11500,0.0,360.0,0.0,Urban,N,43.0,286000.0,11500.0,794.4444444444445,0.06908212560386473,3rd part
Male,Yes,2,Graduate,No,2708,1167.0,360.0,1.0,Semiurban,Y,56.0,97000.0,3875.0,269.44444444444446,0.06953405017921148,1st part
Male,Yes,0,Graduate,No,2132,1591.0,360.0,1.0,Semiurban,Y,48.0,96000.0,3723.0,266.6666666666667,0.07162682424568001,1st part
Male,Yes,0,Graduate,No,3366,2200.0,360.0,1.0,Rural,N,39.0,135000.0,5566.0,375.0,0.06737333812432626,2nd part
Male,Yes,1,Graduate,No,8080,2250.0,360.0,1.0,Urban,Y,39.0,180000.0,10330.0,500.0,0.0484027105517909,3rd part
Male,Yes,2,Not Graduate,No,3357,2859.0,360.0,1.0,Urban,Y,41.0,144000.0,6216.0,400.0,0.06435006435006435,2nd part
Male,Yes,0,Graduate,No,2500,3796.0,360.0,1.0,Urban,Y,35.0,120000.0,6296.0,333.3333333333333,0.05294366793731469,2nd part
Male,Yes,3+,Graduate,No,3029,0.0,360.0,1.0,Urban,Y,52.0,99000.0,3029.0,275.0,0.09078903928689336,1st part
Male,Yes,0,Not Graduate,Yes,2609,3449.0,180.0,0.0,Rural,N,57.0,165000.0,6058.0,916.6666666666666,0.1513150654781556,2nd part
Male,Yes,1,Graduate,No,4945,0.0,360.0,0.0,Rural,N,47.0,128000.0,4945.0,355.55555555555554,0.07190203347938434,1st part
Female,No,0,Graduate,No,4166,0.0,360.0,0.0,Semiurban,N,44.0,116000.0,4166.0,322.22222222222223,0.0773457086467168,1st part
Male,Yes,0,Graduate,No,5726,4595.0,360.0,1.0,Semiurban,N,34.0,258000.0,10321.0,716.6666666666666,0.06943771598359331,3rd part
Male,No,0,Not Graduate,No,3200,2254.0,180.0,0.0,Urban,N,32.0,126000.0,5454.0,700.0,0.12834616795012835,2nd part
Male,Yes,1,Graduate,No,10750,0.0,360.0,1.0,Urban,Y,38.0,312000.0,10750.0,866.6666666666666,0.08062015503875969,3rd part
Male,Yes,3+,Not Graduate,Yes,7100,0.0,60.0,1.0,Urban,Y,33.0,125000.0,7100.0,2083.3333333333335,0.2934272300469484,2nd part
Female,No,0,Graduate,No,4300,0.0,360.0,0.0,Semiurban,N,32.0,136000.0,4300.0,377.77777777777777,0.08785529715762273,1st part
Male,Yes,0,Graduate,No,3208,3066.0,360.0,1.0,Urban,Y,53.0,172000.0,6274.0,477.77777777777777,0.07615202068501399,2nd part
Male,Yes,2,Not Graduate,Yes,1875,1875.0,360.0,1.0,Semiurban,Y,54.0,97000.0,3750.0,269.44444444444446,0.07185185185185186,1st part
Male,No,0,Graduate,No,3500,0.0,300.0,1.0,Semiurban,Y,34.0,81000.0,3500.0,270.0,0.07714285714285714,1st part
Male,Yes,3+,Not Graduate,No,4755,0.0,360.0,0.0,Semiurban,N,41.0,95000.0,4755.0,263.8888888888889,0.055497137516064964,1st part
Male,Yes,3+,Graduate,Yes,5266,1774.0,360.0,1.0,Semiurban,Y,33.0,187000.0,7040.0,519.4444444444445,0.07378472222222222,2nd part
Male,No,0,Graduate,No,3750,0.0,480.0,1.0,Urban,N,41.0,113000.0,3750.0,235.41666666666666,0.06277777777777778,1st part
Male,No,0,Graduate,No,3750,4750.0,360.0,1.0,Urban,N,44.0,176000.0,8500.0,488.8888888888889,0.05751633986928105,2nd part
Male,Yes,1,Graduate,Yes,1000,3022.0,360.0,1.0,Urban,N,42.0,110000.0,4022.0,305.55555555555554,0.07597104812420576,1st part
Male,Yes,3+,Graduate,No,3167,4000.0,300.0,0.0,Semiurban,N,37.0,180000.0,7167.0,600.0,0.08371703641691085,2nd part
Male,Yes,3+,Not Graduate,Yes,3333,2166.0,360.0,1.0,Semiurban,Y,44.0,130000.0,5499.0,361.1111111111111,0.06566850538481744,2nd part
Female,No,0,Graduate,No,3846,0.0,360.0,1.0,Semiurban,Y,40.0,111000.0,3846.0,308.3333333333333,0.08016987346160513,1st part
Male,Yes,1,Graduate,Yes,2395,0.0,360.0,1.0,Semiurban,Y,35.0,128000.0,2395.0,355.55555555555554,0.14845743446996057,1st part
Female,Yes,2,Graduate,No,1378,1881.0,360.0,1.0,Urban,N,35.0,167000.0,3259.0,463.8888888888889,0.1423408680235928,1st part
Male,Yes,0,Graduate,No,6000,2250.0,360.0,1.0,Semiurban,N,37.0,265000.0,8250.0,736.1111111111111,0.08922558922558922,2nd part
Male,Yes,1,Graduate,No,3988,0.0,240.0,1.0,Urban,Y,42.0,50000.0,3988.0,208.33333333333334,0.05224005349381478,1st part
Male,No,0,Graduate,No,2366,2531.0,360.0,1.0,Semiurban,Y,37.0,136000.0,4897.0,377.77777777777777,0.07714473714065301,1st part
Male,Yes,2,Not Graduate,No,3333,2000.0,360.0,1.0,Semiurban,Y,32.0,99000.0,5333.0,275.0,0.0515657228576786,2nd part
Male,Yes,0,Graduate,No,2500,2118.0,360.0,1.0,Semiurban,Y,43.0,104000.0,4618.0,288.8888888888889,0.062557143544584,1st part
Male,No,0,Graduate,No,8566,0.0,360.0,1.0,Urban,Y,34.0,210000.0,8566.0,583.3333333333334,0.0680986847225465,2nd part
Male,Yes,0,Graduate,No,5695,4167.0,360.0,1.0,Semiurban,Y,42.0,175000.0,9862.0,486.1111111111111,0.049291331485612565,3rd part
Male,Yes,0,Graduate,No,2958,2900.0,360.0,1.0,Semiurban,Y,54.0,131000.0,5858.0,363.8888888888889,0.0621182807935966,2nd part
Male,Yes,2,Graduate,No,6250,5654.0,180.0,1.0,Semiurban,Y,45.0,188000.0,11904.0,1044.4444444444443,0.0877389486260454,3rd part
Male,Yes,2,Not Graduate,No,3273,1820.0,360.0,1.0,Urban,Y,50.0,81000.0,5093.0,225.0,0.04417828391910465,1st part
Male,No,0,Graduate,No,4133,0.0,360.0,1.0,Semiurban,Y,36.0,122000.0,4133.0,338.8888888888889,0.08199585988117322,1st part
Male,No,0,Not Graduate,No,3620,0.0,120.0,1.0,Semiurban,Y,47.0,25000.0,3620.0,208.33333333333334,0.05755064456721916,1st part
Male,No,0,Graduate,No,6782,0.0,360.0,1.0,Urban,N,37.0,128000.0,6782.0,355.55555555555554,0.05242635735115829,2nd part
Female,Yes,0,Graduate,No,2484,2302.0,360.0,1.0,Semiurban,Y,43.0,137000.0,4786.0,380.55555555555554,0.07951432418628407,1st part
Male,Yes,0,Graduate,No,1977,997.0,360.0,1.0,Semiurban,Y,44.0,50000.0,2974.0,138.88888888888889,0.04670103863109915,1st part
Male,Yes,0,Not Graduate,No,4188,0.0,180.0,1.0,Semiurban,Y,52.0,115000.0,4188.0,638.8888888888889,0.1525522657327815,1st part
Male,Yes,0,Graduate,No,1759,3541.0,360.0,1.0,Semiurban,Y,38.0,131000.0,5300.0,363.8888888888889,0.06865828092243187,2nd part
Male,Yes,2,Not Graduate,No,4288,3263.0,180.0,1.0,Urban,Y,45.0,133000.0,7551.0,738.8888888888889,0.09785311732073751,2nd part
Male,No,0,Graduate,No,4843,3806.0,360.0,1.0,Semiurban,Y,51.0,151000.0,8649.0,419.44444444444446,0.048496293726956234,2nd part
Male,Yes,0,Graduate,No,13650,0.0,360.0,1.0,Urban,Y,48.0,128000.0,13650.0,355.55555555555554,0.026048026048026047,4th part
Male,Yes,0,Graduate,No,4652,3583.0,360.0,1.0,Semiurban,Y,38.0,128000.0,8235.0,355.55555555555554,0.04317614517978816,2nd part
Male,Yes,0,Graduate,No,3816,754.0,360.0,1.0,Urban,Y,46.0,160000.0,4570.0,444.44444444444446,0.09725261366399222,1st part
Male,Yes,1,Graduate,No,3052,1030.0,360.0,1.0,Urban,Y,52.0,100000.0,4082.0,277.77777777777777,0.06804943110675594,1st part
Male,Yes,2,Graduate,No,11417,1126.0,360.0,1.0,Urban,Y,39.0,225000.0,12543.0,625.0,0.049828589651598504,3rd part
Male,No,0,Not Graduate,No,7333,0.0,360.0,1.0,Rural,N,50.0,120000.0,7333.0,333.3333333333333,0.04545661166416655,2nd part
Male,Yes,2,Graduate,No,3800,3600.0,360.0,0.0,Urban,N,34.0,216000.0,7400.0,600.0,0.08108108108108109,2nd part
Male,Yes,3+,Not Graduate,No,2071,754.0,480.0,1.0,Semiurban,Y,43.0,94000.0,2825.0,195.83333333333334,0.06932153392330384,1st part
Male,No,0,Graduate,No,5316,0.0,360.0,1.0,Urban,Y,54.0,136000.0,5316.0,377.77777777777777,0.07106429228325391,2nd part
Female,Yes,0,Graduate,No,2929,2333.0,360.0,1.0,Semiurban,Y,39.0,139000.0,5262.0,386.1111111111111,0.07337725410701465,1st part
Male,Yes,0,Not Graduate,No,3572,4114.0,360.0,0.0,Rural,N,68.0,152000.0,7686.0,422.22222222222223,0.05493393471535548,2nd part
Female,No,1,Graduate,Yes,7451,0.0,360.0,1.0,Semiurban,Y,33.0,128000.0,7451.0,355.55555555555554,0.04771917266884385,2nd part
Male,No,0,Graduate,No,5050,0.0,360.0,1.0,Semiurban,Y,43.0,118000.0,5050.0,327.77777777777777,0.06490649064906491,1st part
Male,Yes,1,Graduate,No,14583,0.0,180.0,1.0,Rural,Y,37.0,185000.0,14583.0,1027.7777777777778,0.07047780139736527,4th part
Female,Yes,0,Graduate,No,3167,2283.0,360.0,1.0,Semiurban,Y,55.0,154000.0,5450.0,427.77777777777777,0.07849133537206932,2nd part
Male,Yes,1,Graduate,No,2214,1398.0,360.0,1.0,Urban,Y,57.0,85000.0,3612.0,236.11111111111111,0.06536852467085025,1st part
Male,Yes,0,Graduate,No,5568,2142.0,360.0,1.0,Rural,N,80.0,175000.0,7710.0,486.1111111111111,0.0630494307537109,2nd part
Female,No,0,Graduate,No,10408,0.0,360.0,1.0,Urban,Y,50.0,259000.0,10408.0,719.4444444444445,0.06912417798274831,3rd part
Male,Yes,0,Graduate,No,5667,2667.0,360.0,1.0,Rural,Y,52.0,180000.0,8334.0,500.0,0.059995200383969285,2nd part
Female,No,0,Graduate,No,4166,0.0,360.0,1.0,Semiurban,Y,56.0,44000.0,4166.0,122.22222222222223,0.02933802741772017,1st part
Female,No,0,Graduate,No,2137,8980.0,360.0,0.0,Semiurban,Y,49.0,137000.0,11117.0,380.55555555555554,0.03423185711572866,3rd part
Male,Yes,2,Graduate,No,2957,0.0,360.0,1.0,Semiurban,Y,44.0,81000.0,2957.0,225.0,0.07609063239770038,1st part
Male,Yes,0,Not Graduate,No,4300,2014.0,360.0,1.0,Rural,Y,50.0,194000.0,6314.0,538.8888888888889,0.0853482560799634,2nd part
Female,No,0,Graduate,No,3692,0.0,360.0,1.0,Rural,Y,49.0,93000.0,3692.0,258.3333333333333,0.06997110870350307,1st part
Male,No,0,Graduate,No,3865,1640.0,360.0,1.0,Rural,Y,51.0,128000.0,5505.0,355.55555555555554,0.06458774851145423,2nd part
Male,Yes,1,Graduate,Yes,10513,3850.0,180.0,0.0,Urban,N,78.0,160000.0,14363.0,888.8888888888889,0.06188741132694346,4th part
Male,Yes,0,Graduate,No,6080,2569.0,360.0,1.0,Rural,N,80.0,182000.0,8649.0,505.55555555555554,0.058452486478847904,2nd part
Male,No,0,Graduate,No,2014,1929.0,360.0,1.0,Urban,Y,53.0,74000.0,3943.0,205.55555555555554,0.05213176656240313,1st part
Male,No,0,Graduate,No,2718,0.0,360.0,1.0,Semiurban,Y,41.0,70000.0,2718.0,194.44444444444446,0.0715395307006786,1st part
Male,Yes,0,Graduate,Yes,3459,0.0,120.0,1.0,Semiurban,Y,48.0,25000.0,3459.0,208.33333333333334,0.06022935337766214,1st part
Male,No,0,Graduate,No,4895,0.0,360.0,1.0,Semiurban,Y,56.0,102000.0,4895.0,283.3333333333333,0.057882192713653385,1st part
Male,Yes,3+,Graduate,No,4000,7750.0,360.0,1.0,Semiurban,N,70.0,290000.0,11750.0,805.5555555555555,0.06855791962174941,3rd part
Female,Yes,0,Graduate,No,4583,0.0,360.0,1.0,Rural,N,80.0,84000.0,4583.0,233.33333333333334,0.05091279365772056,1st part
Male,Yes,2,Graduate,Yes,3316,3500.0,360.0,1.0,Urban,Y,49.0,88000.0,6816.0,244.44444444444446,0.035863328116849245,2nd part
Male,No,0,Graduate,No,14999,0.0,360.0,0.0,Semiurban,N,83.0,242000.0,14999.0,672.2222222222222,0.04481780266832603,4th part
Male,Yes,2,Not Graduate,No,4200,1430.0,360.0,1.0,Rural,N,75.0,129000.0,5630.0,358.3333333333333,0.06364712847838958,2nd part
Male,Yes,2,Graduate,No,5042,2083.0,360.0,1.0,Rural,N,63.0,185000.0,7125.0,513.8888888888889,0.07212475633528266,2nd part
Male,No,0,Graduate,No,5417,0.0,360.0,1.0,Urban,Y,54.0,168000.0,5417.0,466.6666666666667,0.08614854470494124,2nd part
Male,No,0,Graduate,Yes,6950,0.0,180.0,1.0,Semiurban,Y,35.0,175000.0,6950.0,972.2222222222222,0.13988808952837728,2nd part
Male,Yes,0,Graduate,No,2698,2034.0,360.0,1.0,Semiurban,Y,35.0,122000.0,4732.0,338.8888888888889,0.07161641777026392,1st part
Male,Yes,2,Graduate,No,11757,0.0,180.0,1.0,Urban,Y,43.0,187000.0,11757.0,1038.888888888889,0.08836343360456655,3rd part
Female,Yes,0,Graduate,No,2330,4486.0,360.0,1.0,Semiurban,Y,53.0,100000.0,6816.0,277.77777777777777,0.040753781950965046,2nd part
Female,Yes,2,Graduate,No,14866,0.0,360.0,1.0,Urban,Y,57.0,70000.0,14866.0,194.44444444444446,0.01307980925901012,4th part
Male,Yes,1,Graduate,No,1538,1425.0,360.0,1.0,Urban,Y,39.0,30000.0,2963.0,83.33333333333333,0.028124648441894474,1st part
Female,No,0,Graduate,No,10000,1666.0,360.0,1.0,Rural,N,80.0,225000.0,11666.0,625.0,0.053574489970855475,3rd part
Male,Yes,0,Graduate,No,4860,830.0,360.0,1.0,Semiurban,Y,41.0,125000.0,5690.0,347.22222222222223,0.0610232376488967,2nd part
Male,No,0,Graduate,No,6277,0.0,360.0,0.0,Rural,N,78.0,118000.0,6277.0,327.77777777777777,0.05221885897367815,2nd part
Male,Yes,0,Graduate,Yes,2577,3750.0,360.0,1.0,Rural,Y,34.0,152000.0,6327.0,422.22222222222223,0.0667334000667334,2nd part
Male,No,0,Graduate,No,9166,0.0,360.0,1.0,Urban,N,69.0,244000.0,9166.0,677.7777777777778,0.07394477174097511,3rd part
Male,Yes,2,Not Graduate,No,2281,0.0,360.0,1.0,Rural,N,77.0,113000.0,2281.0,313.8888888888889,0.1376102099469044,1st part
Male,No,0,Graduate,No,3254,0.0,360.0,1.0,Urban,Y,35.0,50000.0,3254.0,138.88888888888889,0.04268251041453254,1st part
Male,Yes,1,Graduate,No,6000,0.0,360.0,1.0,Rural,Y,35.0,160000.0,6000.0,444.44444444444446,0.07407407407407407,2nd part
Male,Yes,1,Graduate,No,9538,0.0,360.0,1.0,Urban,Y,51.0,187000.0,9538.0,519.4444444444445,0.054460520491134874,3rd part
Male,No,0,Graduate,No,2980,2083.0,360.0,1.0,Rural,Y,56.0,120000.0,5063.0,333.3333333333333,0.06583711896767397,1st part
Male,Yes,0,Graduate,No,4583,5625.0,360.0,1.0,Semiurban,Y,38.0,255000.0,10208.0,708.3333333333334,0.06939002089864159,3rd part
Male,Yes,0,Not Graduate,No,1863,1041.0,360.0,1.0,Semiurban,Y,41.0,98000.0,2904.0,272.22222222222223,0.09374043464952556,1st part
Male,Yes,0,Graduate,No,7933,0.0,360.0,1.0,Urban,N,79.0,275000.0,7933.0,763.8888888888889,0.09629256131209996,2nd part
Male,Yes,1,Graduate,No,3089,1280.0,360.0,0.0,Semiurban,N,64.0,121000.0,4369.0,336.1111111111111,0.07693090206251112,1st part
Male,Yes,2,Graduate,No,4167,1447.0,360.0,1.0,Rural,Y,55.0,158000.0,5614.0,438.8888888888889,0.07817757194315798,2nd part
Male,Yes,0,Graduate,No,9323,0.0,180.0,1.0,Urban,Y,46.0,75000.0,9323.0,416.6666666666667,0.04469233794558261,3rd part
Male,Yes,0,Graduate,No,3707,3166.0,360.0,1.0,Rural,Y,38.0,182000.0,6873.0,505.55555555555554,0.07355675186316828,2nd part
Female,Yes,0,Graduate,No,4583,0.0,360.0,1.0,Rural,N,68.0,112000.0,4583.0,311.1111111111111,0.06788372487696075,1st part
Male,Yes,0,Graduate,No,2439,3333.0,360.0,1.0,Rural,Y,51.0,129000.0,5772.0,358.3333333333333,0.062081312081312075,2nd part
Male,No,0,Graduate,No,2237,0.0,480.0,0.0,Semiurban,N,70.0,63000.0,2237.0,131.25,0.058672329012069736,1st part
Male,Yes,2,Graduate,No,8000,0.0,360.0,1.0,Semiurban,Y,57.0,200000.0,8000.0,555.5555555555555,0.06944444444444445,2nd part
Male,Yes,0,Not Graduate,No,1820,1769.0,360.0,1.0,Rural,Y,38.0,95000.0,3589.0,263.8888888888889,0.07352713538280549,1st part
Male,Yes,3+,Not Graduate,No,3522,0.0,180.0,1.0,Rural,N,71.0,81000.0,3522.0,450.0,0.12776831345826234,1st part
Male,Yes,0,Graduate,No,5708,5625.0,360.0,1.0,Semiurban,Y,54.0,187000.0,11333.0,519.4444444444445,0.0458346814121984,3rd part
Male,Yes,0,Not Graduate,Yes,4344,736.0,360.0,1.0,Semiurban,N,79.0,87000.0,5080.0,241.66666666666666,0.04757217847769029,1st part
Male,Yes,0,Graduate,No,3497,1964.0,360.0,1.0,Rural,Y,38.0,116000.0,5461.0,322.22222222222223,0.05900425237542982,2nd part
Male,Yes,2,Graduate,No,2045,1619.0,360.0,1.0,Rural,Y,49.0,101000.0,3664.0,280.55555555555554,0.07657083939835031,1st part
Male,Yes,1,Graduate,No,3750,0.0,360.0,1.0,Semiurban,Y,46.0,116000.0,3750.0,322.22222222222223,0.08592592592592593,1st part
Male,No,0,Not Graduate,No,2333,1451.0,480.0,0.0,Urban,N,70.0,102000.0,3784.0,212.5,0.05615750528541226,1st part
Male,Yes,1,Graduate,No,6400,7250.0,360.0,0.0,Urban,N,76.0,180000.0,13650.0,500.0,0.03663003663003663,4th part
Male,No,0,Graduate,No,1916,5063.0,360.0,1.0,Rural,N,68.0,67000.0,6979.0,186.11111111111111,0.026667303497794972,2nd part
Male,Yes,0,Graduate,No,4600,0.0,180.0,1.0,Semiurban,Y,42.0,73000.0,4600.0,405.55555555555554,0.08816425120772947,1st part
Female,Yes,0,Graduate,No,3625,0.0,360.0,1.0,Semiurban,Y,35.0,108000.0,3625.0,300.0,0.08275862068965517,1st part
Male,Yes,1,Graduate,Yes,2178,0.0,300.0,0.0,Rural,N,81.0,66000.0,2178.0,220.0,0.10101010101010101,1st part
Male,Yes,0,Graduate,No,2383,2138.0,360.0,1.0,Rural,Y,35.0,58000.0,4521.0,161.11111111111111,0.03563616702302834,1st part
Male,Yes,0,Graduate,Yes,674,5296.0,360.0,1.0,Rural,Y,33.0,168000.0,5970.0,466.6666666666667,0.07816862088218872,2nd part
Male,Yes,0,Graduate,No,9328,0.0,180.0,1.0,Rural,Y,47.0,188000.0,9328.0,1044.4444444444443,0.11196874404421574,3rd part
Male,No,0,Not Graduate,No,4885,0.0,360.0,1.0,Rural,Y,45.0,48000.0,4885.0,133.33333333333334,0.02729443875810304,1st part
Male,No,0,Graduate,No,12000,0.0,360.0,1.0,Semiurban,N,74.0,164000.0,12000.0,455.55555555555554,0.03796296296296296,3rd part
Male,Yes,0,Not Graduate,No,6033,0.0,360.0,1.0,Urban,N,73.0,160000.0,6033.0,444.44444444444446,0.07366889515074498,2nd part
Male,No,0,Graduate,No,3858,0.0,360.0,1.0,Semiurban,Y,48.0,76000.0,3858.0,211.11111111111111,0.054720350210241346,1st part
Male,No,0,Graduate,No,4191,0.0,360.0,1.0,Rural,Y,37.0,120000.0,4191.0,333.3333333333333,0.07953551260637874,1st part
Male,Yes,1,Graduate,No,3125,2583.0,360.0,1.0,Semiurban,N,75.0,170000.0,5708.0,472.22222222222223,0.08272989176983571,2nd part
Male,No,0,Graduate,No,8333,3750.0,360.0,1.0,Rural,Y,40.0,187000.0,12083.0,519.4444444444445,0.04298969166965526,3rd part
Female,No,0,Not Graduate,No,1907,2365.0,360.0,1.0,Urban,Y,45.0,120000.0,4272.0,333.3333333333333,0.0780274656679151,1st part
Female,Yes,0,Graduate,No,3416,2816.0,360.0,1.0,Semiurban,Y,54.0,113000.0,6232.0,313.8888888888889,0.050367279988589364,2nd part
Male,No,0,Graduate,Yes,11000,0.0,360.0,1.0,Urban,N,68.0,83000.0,11000.0,230.55555555555554,0.02095959595959596,3rd part
Male,Yes,1,Not Graduate,No,2600,2500.0,360.0,1.0,Semiurban,Y,46.0,90000.0,5100.0,250.0,0.049019607843137254,1st part
Male,No,2,Graduate,No,4923,0.0,360.0,0.0,Semiurban,Y,47.0,166000.0,4923.0,461.1111111111111,0.09366465795472498,1st part
Male,Yes,3+,Not Graduate,No,3992,0.0,180.0,1.0,Urban,N,81.0,128000.0,3992.0,711.1111111111111,0.1781340458695168,1st part
Male,Yes,1,Not Graduate,No,3500,1083.0,360.0,1.0,Urban,Y,40.0,135000.0,4583.0,375.0,0.08182413266419376,1st part
Male,Yes,2,Not Graduate,No,3917,0.0,360.0,1.0,Semiurban,Y,57.0,124000.0,3917.0,344.44444444444446,0.08793577851530367,1st part
Female,No,0,Not Graduate,No,4408,0.0,360.0,1.0,Semiurban,Y,45.0,120000.0,4408.0,333.3333333333333,0.07562008469449485,1st part
Female,No,0,Graduate,No,3244,0.0,360.0,1.0,Urban,Y,49.0,80000.0,3244.0,222.22222222222223,0.06850253459377997,1st part
Male,No,0,Not Graduate,No,3975,2531.0,360.0,1.0,Rural,Y,32.0,55000.0,6506.0,152.77777777777777,0.02348259726064829,2nd part
Male,No,0,Graduate,No,2479,0.0,360.0,1.0,Urban,Y,35.0,59000.0,2479.0,163.88888888888889,0.0661108870064094,1st part
Male,No,0,Graduate,No,3418,0.0,360.0,1.0,Semiurban,N,76.0,127000.0,3418.0,352.77777777777777,0.10321175476236916,1st part
Female,No,0,Graduate,No,10000,0.0,360.0,1.0,Semiurban,N,68.0,214000.0,10000.0,594.4444444444445,0.059444444444444446,3rd part
Male,Yes,3+,Graduate,No,3430,1250.0,360.0,0.0,Semiurban,N,69.0,128000.0,4680.0,355.55555555555554,0.07597340930674264,1st part
Male,Yes,1,Graduate,Yes,7787,0.0,360.0,1.0,Urban,Y,33.0,240000.0,7787.0,666.6666666666666,0.08561277342579512,2nd part
Male,Yes,3+,Not Graduate,Yes,5703,0.0,360.0,1.0,Rural,Y,51.0,130000.0,5703.0,361.1111111111111,0.06331950045784869,2nd part
Male,Yes,0,Graduate,No,3173,3021.0,360.0,1.0,Urban,Y,36.0,137000.0,6194.0,380.55555555555554,0.06143938578552721,2nd part
Male,Yes,3+,Not Graduate,No,3850,983.0,360.0,1.0,Semiurban,Y,39.0,100000.0,4833.0,277.77777777777777,0.05747522817665586,1st part
Male,Yes,0,Graduate,No,150,1800.0,360.0,1.0,Rural,N,77.0,135000.0,1950.0,375.0,0.19230769230769232,1st part
Male,Yes,0,Graduate,No,3727,1775.0,360.0,1.0,Semiurban,Y,38.0,131000.0,5502.0,363.8888888888889,0.06613756613756615,2nd part
Male,Yes,2,Graduate,No,5000,0.0,360.0,0.0,Semiurban,N,63.0,72000.0,5000.0,200.0,0.04,1st part
Female,Yes,2,Graduate,No,4283,2383.0,360.0,1.0,Semiurban,Y,33.0,127000.0,6666.0,352.77777777777777,0.05292195886255292,2nd part
Male,Yes,0,Graduate,No,2221,0.0,360.0,0.0,Urban,N,84.0,60000.0,2221.0,166.66666666666666,0.07504127269998499,1st part
Male,Yes,2,Graduate,No,4009,1717.0,360.0,1.0,Semiurban,Y,52.0,116000.0,5726.0,322.22222222222223,0.05627352815616874,2nd part
Male,No,0,Graduate,No,2971,2791.0,360.0,1.0,Semiurban,Y,44.0,144000.0,5762.0,400.0,0.06942034015966678,2nd part
Male,Yes,0,Graduate,No,7578,1010.0,360.0,1.0,Semiurban,Y,35.0,175000.0,8588.0,486.1111111111111,0.05660352947264917,2nd part
Male,Yes,0,Graduate,No,6250,0.0,360.0,1.0,Semiurban,Y,44.0,128000.0,6250.0,355.55555555555554,0.056888888888888885,2nd part
Male,Yes,0,Graduate,No,3250,0.0,360.0,1.0,Rural,N,81.0,170000.0,3250.0,472.22222222222223,0.1452991452991453,1st part
Male,Yes,0,Not Graduate,Yes,4735,0.0,360.0,1.0,Urban,N,64.0,138000.0,4735.0,383.3333333333333,0.08095740936290038,1st part
Male,Yes,2,Graduate,No,6250,1695.0,360.0,1.0,Semiurban,Y,51.0,210000.0,7945.0,583.3333333333334,0.07342143906020558,2nd part
Male,Yes,0,Graduate,No,4758,0.0,480.0,1.0,Semiurban,Y,39.0,158000.0,4758.0,329.1666666666667,0.0691817290177946,1st part
Male,No,0,Graduate,Yes,6400,0.0,360.0,1.0,Rural,Y,38.0,200000.0,6400.0,555.5555555555555,0.08680555555555555,2nd part
Male,Yes,1,Graduate,No,2491,2054.0,360.0,1.0,Semiurban,Y,56.0,104000.0,4545.0,288.8888888888889,0.06356191174673023,1st part
Male,Yes,0,Graduate,No,3716,0.0,180.0,1.0,Rural,Y,38.0,42000.0,3716.0,233.33333333333334,0.06279153211338356,1st part
Male,No,0,Not Graduate,No,3189,2598.0,360.0,1.0,Rural,Y,45.0,120000.0,5787.0,333.3333333333333,0.05760036864235931,2nd part
Female,No,0,Graduate,No,8333,0.0,360.0,1.0,Semiurban,Y,44.0,280000.0,8333.0,777.7777777777778,0.09333706681600598,2nd part
Male,Yes,1,Graduate,No,3155,1779.0,360.0,1.0,Semiurban,Y,52.0,140000.0,4934.0,388.8888888888889,0.07881817772373104,1st part
Male,Yes,1,Graduate,No,5500,1260.0,360.0,1.0,Rural,Y,36.0,170000.0,6760.0,472.22222222222223,0.06985535831689678,2nd part
Male,Yes,0,Graduate,No,5746,0.0,360.0,1.0,Urban,N,68.0,255000.0,5746.0,708.3333333333334,0.1232741617357002,2nd part
Female,No,0,Graduate,Yes,3463,0.0,360.0,1.0,Urban,Y,55.0,122000.0,3463.0,338.8888888888889,0.09785991593672795,1st part
Female,No,1,Graduate,No,3812,0.0,360.0,1.0,Rural,Y,48.0,112000.0,3812.0,311.1111111111111,0.08161361781508686,1st part
Male,Yes,1,Graduate,No,3315,0.0,360.0,1.0,Semiurban,Y,32.0,96000.0,3315.0,266.6666666666667,0.08044243338360986,1st part
Male,Yes,2,Graduate,No,5819,5000.0,360.0,1.0,Rural,Y,57.0,120000.0,10819.0,333.3333333333333,0.03080999476230089,3rd part
Male,Yes,1,Not Graduate,No,2510,1983.0,180.0,1.0,Urban,N,80.0,140000.0,4493.0,777.7777777777778,0.1731087865074066,1st part
Male,No,0,Graduate,No,2965,5701.0,60.0,1.0,Urban,Y,40.0,155000.0,8666.0,2583.3333333333335,0.2980998538349104,2nd part
Male,Yes,2,Graduate,Yes,6250,1300.0,360.0,1.0,Rural,Y,56.0,108000.0,7550.0,300.0,0.039735099337748346,2nd part
Male,Yes,0,Not Graduate,No,3406,4417.0,360.0,1.0,Semiurban,Y,52.0,123000.0,7823.0,341.6666666666667,0.04367463462439814,2nd part
Male,No,0,Graduate,Yes,6050,4333.0,180.0,1.0,Urban,N,84.0,120000.0,10383.0,666.6666666666666,0.06420751870043982,3rd part
Male,Yes,2,Graduate,No,9703,0.0,360.0,1.0,Urban,Y,45.0,112000.0,9703.0,311.1111111111111,0.032063393910245395,3rd part
Male,Yes,1,Not Graduate,No,6608,0.0,180.0,1.0,Urban,Y,45.0,137000.0,6608.0,761.1111111111111,0.1151802528921173,2nd part
Male,Yes,1,Graduate,No,2882,1843.0,480.0,1.0,Semiurban,Y,40.0,123000.0,4725.0,256.25,0.05423280423280423,1st part
Male,Yes,0,Graduate,No,1809,1868.0,360.0,1.0,Urban,Y,46.0,90000.0,3677.0,250.0,0.06799020940984499,1st part
Male,Yes,0,Not Graduate,No,1668,3890.0,360.0,0.0,Semiurban,N,61.0,201000.0,5558.0,558.3333333333334,0.10045579944824277,2nd part
Female,No,2,Graduate,No,3427,0.0,360.0,1.0,Urban,N,74.0,138000.0,3427.0,383.3333333333333,0.11185682326621924,1st part
Male,No,0,Not Graduate,Yes,2583,2167.0,360.0,1.0,Rural,Y,38.0,104000.0,4750.0,288.8888888888889,0.060818713450292404,1st part
Male,Yes,1,Not Graduate,No,2661,7101.0,180.0,1.0,Semiurban,Y,33.0,279000.0,9762.0,1550.0,0.15877893874206106,3rd part
Male,No,0,Graduate,Yes,16250,0.0,360.0,0.0,Urban,N,68.0,192000.0,16250.0,533.3333333333334,0.03282051282051282,4th part
Female,No,3+,Graduate,No,3083,0.0,360.0,1.0,Rural,Y,38.0,255000.0,3083.0,708.3333333333334,0.22975456806141206,1st part
Male,No,0,Not Graduate,No,6045,0.0,360.0,0.0,Rural,N,67.0,115000.0,6045.0,319.44444444444446,0.052844407683117364,2nd part
Male,Yes,3+,Graduate,No,5250,0.0,360.0,1.0,Urban,N,67.0,94000.0,5250.0,261.1111111111111,0.04973544973544973,1st part
Male,Yes,0,Graduate,No,14683,2100.0,360.0,1.0,Rural,N,76.0,304000.0,16783.0,844.4444444444445,0.05031546472290082,4th part
Male,Yes,3+,Not Graduate,No,4931,0.0,360.0,1.0,Semiurban,N,71.0,128000.0,4931.0,355.55555555555554,0.07210617634466752,1st part
Male,Yes,1,Graduate,No,6083,4250.0,360.0,1.0,Urban,Y,40.0,330000.0,10333.0,916.6666666666666,0.08871253911416498,3rd part
Male,No,0,Graduate,No,2060,2209.0,360.0,1.0,Semiurban,Y,55.0,134000.0,4269.0,372.22222222222223,0.08719190026287707,1st part
Female,No,1,Graduate,No,3481,0.0,36.0,1.0,Semiurban,N,61.0,155000.0,3481.0,4305.555555555556,1.2368731845893581,1st part
Female,No,0,Graduate,No,7200,0.0,360.0,1.0,Rural,Y,42.0,120000.0,7200.0,333.3333333333333,0.046296296296296294,2nd part
Male,No,0,Graduate,Yes,5166,0.0,360.0,1.0,Semiurban,Y,44.0,128000.0,5166.0,355.55555555555554,0.06882608508624768,1st part
Male,No,0,Graduate,No,4095,3447.0,360.0,1.0,Rural,Y,44.0,151000.0,7542.0,419.44444444444446,0.05561448481098442,2nd part
Male,Yes,2,Graduate,No,4708,1387.0,360.0,1.0,Semiurban,Y,57.0,150000.0,6095.0,416.6666666666667,0.06836204539239814,2nd part
Male,Yes,3+,Graduate,No,4333,1811.0,360.0,0.0,Urban,Y,42.0,160000.0,6144.0,444.44444444444446,0.07233796296296297,2nd part
Female,No,0,Graduate,No,3418,0.0,360.0,1.0,Rural,N,82.0,135000.0,3418.0,375.0,0.10971328262141604,1st part
Female,No,1,Graduate,No,2876,1560.0,360.0,1.0,Urban,Y,49.0,90000.0,4436.0,250.0,0.0563570784490532,1st part
Female,No,0,Graduate,No,3237,0.0,360.0,1.0,Urban,Y,39.0,30000.0,3237.0,83.33333333333333,0.025744001647616106,1st part
Male,Yes,0,Graduate,No,11146,0.0,360.0,1.0,Urban,Y,45.0,136000.0,11146.0,377.77777777777777,0.033893574177083954,3rd part
Male,No,0,Graduate,No,2833,1857.0,360.0,1.0,Rural,Y,44.0,126000.0,4690.0,350.0,0.07462686567164178,1st part
Male,Yes,0,Graduate,No,2620,2223.0,360.0,1.0,Semiurban,Y,33.0,150000.0,4843.0,416.6666666666667,0.08603482689792828,1st part
Male,Yes,2,Graduate,No,3900,0.0,360.0,1.0,Semiurban,Y,55.0,90000.0,3900.0,250.0,0.0641025641025641,1st part
Male,Yes,1,Graduate,No,2750,1842.0,360.0,1.0,Semiurban,Y,41.0,115000.0,4592.0,319.44444444444446,0.06956542779713512,1st part
Male,Yes,0,Graduate,No,3993,3274.0,360.0,1.0,Semiurban,Y,46.0,207000.0,7267.0,575.0,0.07912481078849594,2nd part
Male,Yes,0,Graduate,No,3103,1300.0,360.0,1.0,Urban,Y,56.0,80000.0,4403.0,222.22222222222223,0.050470638705932824,1st part
Female,Yes,0,Not Graduate,No,4100,0.0,360.0,1.0,Rural,Y,33.0,124000.0,4100.0,344.44444444444446,0.08401084010840108,1st part
Male,No,1,Not Graduate,Yes,4053,2426.0,360.0,0.0,Urban,N,80.0,158000.0,6479.0,438.8888888888889,0.06774022054157879,2nd part
Male,Yes,0,Graduate,No,3927,800.0,360.0,1.0,Semiurban,Y,35.0,112000.0,4727.0,311.1111111111111,0.06581576287520861,1st part
Male,Yes,2,Graduate,No,2301,985.7999877999998,180.0,1.0,Urban,Y,49.0,78000.0,3286.7999878,433.3333333333333,0.1318404937756442,1st part
Female,No,0,Graduate,No,1811,1666.0,360.0,1.0,Urban,Y,56.0,54000.0,3477.0,150.0,0.04314063848144953,1st part
Male,Yes,0,Graduate,No,20667,0.0,360.0,1.0,Rural,N,79.0,128000.0,20667.0,355.55555555555554,0.01720402359101735,5th part
Male,No,0,Graduate,No,3158,3053.0,360.0,1.0,Rural,Y,46.0,89000.0,6211.0,247.22222222222223,0.03980393209180844,2nd part
Female,No,0,Graduate,Yes,2600,1717.0,300.0,1.0,Semiurban,N,76.0,99000.0,4317.0,330.0,0.07644197359277276,1st part
Male,Yes,0,Graduate,No,3704,2000.0,360.0,1.0,Rural,Y,55.0,120000.0,5704.0,333.3333333333333,0.058438522674146794,2nd part
Female,No,0,Graduate,No,4124,0.0,360.0,1.0,Semiurban,Y,37.0,115000.0,4124.0,319.44444444444446,0.07745985558788662,1st part
Male,No,0,Graduate,No,9508,0.0,360.0,1.0,Rural,Y,33.0,187000.0,9508.0,519.4444444444445,0.054632356378254573,3rd part
Male,Yes,0,Graduate,No,3075,2416.0,360.0,1.0,Rural,Y,50.0,139000.0,5491.0,386.1111111111111,0.07031708452214734,2nd part
Male,Yes,2,Graduate,No,4400,0.0,360.0,0.0,Semiurban,N,81.0,127000.0,4400.0,352.77777777777777,0.08017676767676768,1st part
Male,Yes,2,Graduate,No,3153,1560.0,360.0,1.0,Urban,Y,37.0,134000.0,4713.0,372.22222222222223,0.07897776834759648,1st part
Female,No,0,Graduate,No,5417,0.0,480.0,0.0,Urban,N,80.0,143000.0,5417.0,297.9166666666667,0.05499661559288659,2nd part
Male,Yes,0,Graduate,No,2383,3334.0,360.0,1.0,Semiurban,Y,34.0,172000.0,5717.0,477.77777777777777,0.08357141468913377,2nd part
Male,Yes,3+,Graduate,No,4416,1250.0,360.0,1.0,Urban,Y,50.0,110000.0,5666.0,305.55555555555554,0.05392791308781425,2nd part
Male,Yes,1,Graduate,No,6875,0.0,360.0,1.0,Semiurban,Y,46.0,200000.0,6875.0,555.5555555555555,0.0808080808080808,2nd part
Female,Yes,1,Graduate,No,4666,0.0,360.0,1.0,Urban,Y,45.0,135000.0,4666.0,375.0,0.0803686240891556,1st part
Female,No,0,Graduate,No,5000,2541.0,480.0,1.0,Rural,N,80.0,151000.0,7541.0,314.5833333333333,0.04171639481943155,2nd part
Male,Yes,1,Graduate,No,2014,2925.0,360.0,1.0,Urban,N,70.0,113000.0,4939.0,313.8888888888889,0.0635531259139277,1st part
Male,Yes,0,Not Graduate,No,1800,2934.0,360.0,0.0,Urban,N,25.0,93000.0,4734.0,258.3333333333333,0.05456977890437966,1st part
Male,Yes,0,Not Graduate,No,2875,1750.0,360.0,1.0,Semiurban,Y,57.0,105000.0,4625.0,291.6666666666667,0.06306306306306307,1st part
Female,No,0,Graduate,No,5000,0.0,360.0,1.0,Rural,Y,35.0,132000.0,5000.0,366.6666666666667,0.07333333333333333,1st part
Male,Yes,1,Graduate,No,1625,1803.0,360.0,1.0,Urban,Y,50.0,96000.0,3428.0,266.6666666666667,0.07779074290159471,1st part
Male,No,0,Graduate,No,4000,2500.0,360.0,1.0,Rural,Y,46.0,140000.0,6500.0,388.8888888888889,0.05982905982905983,2nd part
Male,No,0,Not Graduate,No,2000,0.0,360.0,1.0,Urban,N,19.0,128000.0,2000.0,355.55555555555554,0.17777777777777778,1st part
Female,No,0,Graduate,No,3762,1666.0,360.0,1.0,Rural,Y,54.0,135000.0,5428.0,375.0,0.06908621960206338,2nd part
Female,No,0,Graduate,No,2400,1863.0,360.0,0.0,Urban,N,26.0,104000.0,4263.0,288.8888888888889,0.06776657022962443,1st part
Male,Yes,2,Not Graduate,No,7667,0.0,360.0,1.0,Rural,Y,55.0,185000.0,7667.0,513.8888888888889,0.06702607133023203,2nd part
Female,No,0,Graduate,No,2917,0.0,360.0,1.0,Semiurban,Y,41.0,84000.0,2917.0,233.33333333333334,0.0799908581876357,1st part
Male,No,0,Not Graduate,No,2927,2405.0,360.0,1.0,Semiurban,Y,49.0,111000.0,5332.0,308.3333333333333,0.057826956739184796,2nd part
Female,No,0,Graduate,No,2507,0.0,360.0,1.0,Rural,Y,35.0,56000.0,2507.0,155.55555555555554,0.06204848646013384,1st part
Male,Yes,2,Graduate,Yes,5746,0.0,84.0,1.0,Rural,Y,43.0,144000.0,5746.0,1714.2857142857142,0.2983441897469047,2nd part
Male,Yes,0,Graduate,No,2473,1843.0,360.0,1.0,Rural,N,19.0,159000.0,4316.0,441.6666666666667,0.10233240654927403,1st part
Male,Yes,1,Not Graduate,No,3399,1640.0,180.0,1.0,Urban,Y,56.0,111000.0,5039.0,616.6666666666666,0.12237877885823906,1st part
Male,Yes,2,Graduate,No,3717,0.0,360.0,1.0,Semiurban,Y,43.0,120000.0,3717.0,333.3333333333333,0.08967805577975069,1st part
Male,Yes,0,Graduate,No,2058,2134.0,360.0,1.0,Urban,Y,42.0,88000.0,4192.0,244.44444444444446,0.058312128922815946,1st part
Female,No,1,Graduate,No,3541,0.0,360.0,1.0,Semiurban,Y,35.0,112000.0,3541.0,311.1111111111111,0.08785967554676959,1st part
Male,Yes,1,Graduate,Yes,10000,0.0,360.0,1.0,Rural,N,22.0,155000.0,10000.0,430.55555555555554,0.043055555555555555,3rd part
Male,Yes,0,Graduate,No,2400,2167.0,360.0,1.0,Semiurban,Y,45.0,115000.0,4567.0,319.44444444444446,0.06994623263508747,1st part
Male,Yes,3+,Graduate,No,4342,189.0,360.0,1.0,Semiurban,Y,55.0,124000.0,4531.0,344.44444444444446,0.07601951985090366,1st part
Male,Yes,2,Not Graduate,No,3601,1590.0,360.0,1.0,Rural,Y,57.0,128000.0,5191.0,355.55555555555554,0.06849461675121471,1st part
Female,No,0,Graduate,No,3166,2985.0,360.0,1.0,Rural,Y,57.0,132000.0,6151.0,366.6666666666667,0.0596109033761448,2nd part
Male,Yes,3+,Graduate,No,15000,0.0,360.0,1.0,Rural,Y,46.0,300000.0,15000.0,833.3333333333334,0.05555555555555556,4th part
Male,Yes,1,Graduate,Yes,8666,4983.0,360.0,0.0,Rural,N,25.0,376000.0,13649.0,1044.4444444444443,0.07652168250014245,4th part
Male,No,0,Graduate,No,4917,0.0,360.0,0.0,Rural,Y,35.0,130000.0,4917.0,361.1111111111111,0.07344134860913384,1st part
Male,Yes,0,Graduate,Yes,5818,2160.0,360.0,1.0,Semiurban,Y,35.0,184000.0,7978.0,511.1111111111111,0.06406506782540876,2nd part
Female,Yes,0,Graduate,No,4333,2451.0,360.0,1.0,Urban,N,20.0,110000.0,6784.0,305.55555555555554,0.04504061844863731,2nd part
Female,No,0,Graduate,No,2500,0.0,360.0,1.0,Urban,Y,46.0,67000.0,2500.0,186.11111111111111,0.07444444444444445,1st part
Male,No,1,Graduate,No,4384,1793.0,360.0,1.0,Urban,Y,53.0,117000.0,6177.0,325.0,0.052614537801521775,2nd part
Male,No,0,Graduate,No,2935,0.0,360.0,1.0,Semiurban,Y,54.0,98000.0,2935.0,272.22222222222223,0.09275033125118304,1st part
Male,No,0,Graduate,No,2833,0.0,360.0,1.0,Urban,Y,48.0,71000.0,2833.0,197.22222222222223,0.06961603325881477,1st part
Male,Yes,1,Graduate,Yes,9833,1833.0,180.0,1.0,Urban,Y,55.0,182000.0,11666.0,1011.1111111111111,0.08667161933062842,3rd part
Male,Yes,0,Graduate,Yes,5503,4490.0,360.0,1.0,Semiurban,Y,55.0,70000.0,9993.0,194.44444444444446,0.01945806509000745,3rd part
Male,Yes,1,Graduate,No,5250,688.0,360.0,1.0,Rural,Y,36.0,160000.0,5938.0,444.44444444444446,0.07484749822237192,2nd part
Male,Yes,2,Graduate,Yes,2500,4600.0,360.0,1.0,Rural,Y,36.0,176000.0,7100.0,488.8888888888889,0.06885758998435056,2nd part
Female,No,3+,Not Graduate,No,1830,0.0,360.0,0.0,Urban,N,22.0,128000.0,1830.0,355.55555555555554,0.19429265330904674,1st part
Female,No,0,Graduate,No,4160,0.0,360.0,1.0,Semiurban,Y,37.0,71000.0,4160.0,197.22222222222223,0.04740918803418803,1st part
Male,Yes,3+,Not Graduate,No,2647,1587.0,360.0,1.0,Rural,N,26.0,173000.0,4234.0,480.55555555555554,0.11349918647981945,1st part
Female,No,0,Graduate,No,2378,0.0,360.0,1.0,Rural,N,21.0,46000.0,2378.0,127.77777777777777,0.05373329595364919,1st part
Male,Yes,1,Not Graduate,No,4554,1229.0,360.0,1.0,Urban,Y,48.0,158000.0,5783.0,438.8888888888889,0.07589294291697889,2nd part
Male,Yes,3+,Not Graduate,No,3173,0.0,360.0,1.0,Semiurban,Y,56.0,74000.0,3173.0,205.55555555555554,0.06478271527121196,1st part
Male,Yes,2,Graduate,No,2583,2330.0,360.0,1.0,Rural,Y,41.0,125000.0,4913.0,347.22222222222223,0.07067417509102834,1st part
Male,Yes,0,Graduate,No,2499,2458.0,360.0,1.0,Semiurban,Y,34.0,160000.0,4957.0,444.44444444444446,0.089659964584314,1st part
Male,Yes,0,Not Graduate,No,3523,3230.0,360.0,0.0,Rural,N,22.0,152000.0,6753.0,422.22222222222223,0.06252365203942281,2nd part
Male,Yes,2,Not Graduate,No,3083,2168.0,360.0,1.0,Urban,Y,37.0,126000.0,5251.0,350.0,0.0666539706722529,1st part
Male,Yes,0,Graduate,No,6333,4583.0,360.0,1.0,Semiurban,Y,33.0,259000.0,10916.0,719.4444444444445,0.06590733276332397,3rd part
Male,Yes,0,Graduate,No,2625,6250.0,360.0,1.0,Rural,Y,37.0,187000.0,8875.0,519.4444444444445,0.05852895148669797,2nd part
Male,Yes,0,Graduate,No,9083,0.0,360.0,1.0,Semiurban,Y,41.0,228000.0,9083.0,633.3333333333334,0.06972732944328233,2nd part
Male,No,0,Graduate,No,8750,4167.0,360.0,1.0,Rural,N,27.0,308000.0,12917.0,855.5555555555555,0.06623484985333712,3rd part
Male,Yes,3+,Graduate,No,2666,2083.0,360.0,1.0,Rural,Y,47.0,95000.0,4749.0,263.8888888888889,0.05556725392480289,1st part
Female,Yes,0,Graduate,Yes,5500,0.0,360.0,0.0,Rural,N,24.0,105000.0,5500.0,291.6666666666667,0.05303030303030303,2nd part
Female,Yes,0,Graduate,No,2423,505.0,360.0,1.0,Semiurban,Y,34.0,130000.0,2928.0,361.1111111111111,0.12333029751062537,1st part
Female,No,0,Graduate,No,3813,0.0,180.0,1.0,Urban,Y,42.0,116000.0,3813.0,644.4444444444445,0.16901244281260017,1st part
Male,Yes,2,Graduate,No,8333,3167.0,360.0,1.0,Rural,Y,36.0,165000.0,11500.0,458.3333333333333,0.03985507246376811,3rd part
Male,Yes,1,Graduate,No,3875,0.0,360.0,1.0,Urban,N,20.0,67000.0,3875.0,186.11111111111111,0.04802867383512545,1st part
Male,Yes,0,Not Graduate,No,3000,1666.0,480.0,0.0,Urban,N,25.0,100000.0,4666.0,208.33333333333334,0.04464923560508644,1st part
Male,Yes,3+,Graduate,No,5167,3167.0,360.0,1.0,Semiurban,Y,35.0,200000.0,8334.0,555.5555555555555,0.06666133375996587,2nd part
Female,No,1,Graduate,No,4723,0.0,360.0,1.0,Semiurban,N,25.0,81000.0,4723.0,225.0,0.047639212365022235,1st part
Male,Yes,2,Graduate,No,5000,3667.0,360.0,1.0,Semiurban,Y,48.0,236000.0,8667.0,655.5555555555555,0.07563811648269939,2nd part
Male,Yes,0,Graduate,No,4750,2333.0,360.0,1.0,Urban,Y,35.0,130000.0,7083.0,361.1111111111111,0.05098279134704378,2nd part
Male,Yes,0,Graduate,No,3013,3033.0,300.0,1.0,Urban,Y,55.0,95000.0,6046.0,316.6666666666667,0.052376226706362335,2nd part
Male,No,0,Graduate,Yes,6822,0.0,360.0,1.0,Rural,Y,55.0,141000.0,6822.0,391.6666666666667,0.05741229356005082,2nd part
Male,No,0,Not Graduate,No,6216,0.0,360.0,1.0,Rural,N,25.0,133000.0,6216.0,369.44444444444446,0.059434434434434434,2nd part
Male,No,0,Graduate,No,2500,0.0,480.0,1.0,Semiurban,N,22.0,96000.0,2500.0,200.0,0.08,1st part
Male,No,0,Graduate,No,5124,0.0,360.0,0.0,Rural,N,28.0,124000.0,5124.0,344.44444444444446,0.06722178853326395,1st part
Male,Yes,1,Graduate,No,6325,0.0,360.0,1.0,Semiurban,Y,34.0,175000.0,6325.0,486.1111111111111,0.07685551163812034,2nd part
Female,No,0,Graduate,Yes,15759,0.0,360.0,1.0,Semiurban,Y,37.0,55000.0,15759.0,152.77777777777777,0.00969463657451474,4th part
Male,Yes,2,Graduate,No,5185,0.0,360.0,1.0,Semiurban,Y,49.0,155000.0,5185.0,430.55555555555554,0.08303867995285545,1st part
Male,Yes,2,Graduate,Yes,9323,7873.0,300.0,1.0,Rural,Y,55.0,380000.0,17196.0,1266.6666666666667,0.07366054121113437,5th part
Male,No,1,Graduate,No,3062,1987.0,180.0,0.0,Urban,N,26.0,111000.0,5049.0,616.6666666666666,0.12213639664620056,1st part
Female,No,0,Graduate,No,2764,1459.0,360.0,1.0,Urban,Y,53.0,110000.0,4223.0,305.55555555555554,0.07235509248296366,1st part
Male,Yes,0,Graduate,No,4817,923.0,180.0,1.0,Urban,Y,57.0,120000.0,5740.0,666.6666666666666,0.11614401858304296,2nd part
Male,Yes,3+,Graduate,No,8750,4996.0,360.0,1.0,Rural,Y,49.0,130000.0,13746.0,361.1111111111111,0.026270268522560095,4th part
Male,Yes,0,Graduate,No,4310,0.0,360.0,1.0,Semiurban,Y,34.0,130000.0,4310.0,361.1111111111111,0.08378448053622067,1st part
Male,No,0,Graduate,No,3069,0.0,480.0,1.0,Urban,N,22.0,71000.0,3069.0,147.91666666666666,0.048197024003475614,1st part
Male,Yes,2,Graduate,No,5391,0.0,360.0,1.0,Urban,Y,45.0,130000.0,5391.0,361.1111111111111,0.06698406809703415,2nd part
Male,Yes,0,Graduate,No,3333,2500.0,360.0,1.0,Semiurban,Y,42.0,128000.0,5833.0,355.55555555555554,0.06095586414461779,2nd part
Male,No,0,Graduate,No,5941,4232.0,360.0,1.0,Semiurban,Y,40.0,296000.0,10173.0,822.2222222222222,0.0808239675830357,3rd part
Female,No,0,Graduate,No,6000,0.0,360.0,1.0,Urban,Y,53.0,156000.0,6000.0,433.3333333333333,0.07222222222222222,2nd part
Male,No,0,Graduate,Yes,7167,0.0,360.0,1.0,Urban,Y,32.0,128000.0,7167.0,355.55555555555554,0.04961009565446568,2nd part
Male,Yes,2,Graduate,No,4566,0.0,360.0,1.0,Urban,N,18.0,100000.0,4566.0,277.77777777777777,0.06083613179539592,1st part
Male,No,1,Graduate,No,3667,0.0,180.0,1.0,Urban,Y,57.0,113000.0,3667.0,627.7777777777778,0.1711965578886768,1st part
Male,No,0,Not Graduate,No,2346,1600.0,360.0,1.0,Semiurban,Y,35.0,132000.0,3946.0,366.6666666666667,0.09292110153742186,1st part
Male,Yes,0,Not Graduate,No,3010,3136.0,360.0,0.0,Urban,N,25.0,128000.0,6146.0,355.55555555555554,0.0578515384893517,2nd part
Male,Yes,0,Graduate,No,2333,2417.0,360.0,1.0,Urban,Y,35.0,136000.0,4750.0,377.77777777777777,0.07953216374269005,1st part
Male,Yes,0,Graduate,No,5488,0.0,360.0,1.0,Rural,Y,51.0,125000.0,5488.0,347.22222222222223,0.0632693553611921,2nd part
Male,No,3+,Graduate,No,9167,0.0,360.0,1.0,Rural,Y,33.0,185000.0,9167.0,513.8888888888889,0.05605856756723998,3rd part
Male,Yes,3+,Graduate,No,9504,0.0,360.0,1.0,Rural,Y,39.0,275000.0,9504.0,763.8888888888889,0.08037551440329219,3rd part
Male,Yes,0,Graduate,No,2583,2115.0,360.0,1.0,Urban,Y,38.0,120000.0,4698.0,333.3333333333333,0.07095217823187172,1st part
Male,Yes,2,Not Graduate,No,1993,1625.0,180.0,1.0,Semiurban,Y,35.0,113000.0,3618.0,627.7777777777778,0.1735151403476445,1st part
Male,Yes,2,Graduate,No,3100,1400.0,360.0,1.0,Urban,Y,33.0,113000.0,4500.0,313.8888888888889,0.06975308641975309,1st part
Male,Yes,2,Graduate,No,3276,484.0,360.0,1.0,Semiurban,Y,39.0,135000.0,3760.0,375.0,0.09973404255319149,1st part
Female,No,0,Graduate,No,3180,0.0,360.0,0.0,Urban,N,28.0,71000.0,3180.0,197.22222222222223,0.06201956673654787,1st part
Male,Yes,0,Graduate,No,3033,1459.0,360.0,1.0,Urban,Y,50.0,95000.0,4492.0,263.8888888888889,0.05874641337686752,1st part
Male,No,0,Not Graduate,No,3902,1666.0,360.0,1.0,Rural,Y,38.0,109000.0,5568.0,302.77777777777777,0.05437819284802043,2nd part
Female,No,0,Graduate,No,1500,1800.0,360.0,0.0,Semiurban,N,28.0,103000.0,3300.0,286.1111111111111,0.0867003367003367,1st part
Male,Yes,2,Not Graduate,No,2889,0.0,180.0,0.0,Urban,N,24.0,45000.0,2889.0,250.0,0.08653513326410522,1st part
Male,No,0,Not Graduate,No,2755,0.0,300.0,1.0,Rural,N,21.0,65000.0,2755.0,216.66666666666666,0.07864488808227466,1st part
Female,No,0,Not Graduate,No,1963,0.0,360.0,1.0,Semiurban,Y,41.0,53000.0,1963.0,147.22222222222223,0.07499858493235977,1st part
Female,No,0,Graduate,Yes,7441,0.0,360.0,1.0,Rural,N,22.0,194000.0,7441.0,538.8888888888889,0.07242156818826621,2nd part
Female,No,0,Graduate,No,4547,0.0,360.0,1.0,Semiurban,Y,40.0,115000.0,4547.0,319.44444444444446,0.07025389145468319,1st part
Male,Yes,0,Not Graduate,No,2167,2400.0,360.0,1.0,Urban,Y,41.0,115000.0,4567.0,319.44444444444446,0.06994623263508747,1st part
Female,No,0,Not Graduate,No,2213,0.0,360.0,1.0,Rural,Y,36.0,66000.0,2213.0,183.33333333333334,0.08284380177737612,1st part
Male,Yes,1,Graduate,No,8300,0.0,300.0,0.0,Semiurban,N,19.0,152000.0,8300.0,506.6666666666667,0.06104417670682731,2nd part
Female,No,1,Not Graduate,Yes,3867,0.0,360.0,1.0,Semiurban,N,25.0,62000.0,3867.0,172.22222222222223,0.044536390541045315,1st part
Male,Yes,0,Graduate,No,6256,0.0,360.0,1.0,Urban,Y,55.0,160000.0,6256.0,444.44444444444446,0.07104290991759023,2nd part
Male,Yes,0,Not Graduate,No,6096,0.0,360.0,0.0,Rural,N,20.0,218000.0,6096.0,605.5555555555555,0.09933654126567512,2nd part
Male,Yes,0,Not Graduate,No,2253,2033.0,360.0,1.0,Rural,Y,40.0,110000.0,4286.0,305.55555555555554,0.07129154352672784,1st part
Female,Yes,0,Not Graduate,No,2149,3237.0,360.0,0.0,Semiurban,N,28.0,178000.0,5386.0,494.44444444444446,0.09180179065065809,2nd part
Female,No,0,Graduate,No,2995,0.0,360.0,1.0,Urban,Y,53.0,60000.0,2995.0,166.66666666666666,0.05564830272676683,1st part
Female,No,1,Graduate,No,2600,0.0,360.0,1.0,Urban,N,28.0,160000.0,2600.0,444.44444444444446,0.17094017094017094,1st part
Male,Yes,0,Graduate,No,1025,2773.0,360.0,1.0,Rural,Y,57.0,112000.0,3798.0,311.1111111111111,0.08191445790181967,1st part
Male,Yes,0,Graduate,No,3246,1417.0,360.0,1.0,Semiurban,Y,50.0,138000.0,4663.0,383.3333333333333,0.08220744870970048,1st part
Male,Yes,0,Graduate,No,5829,0.0,360.0,1.0,Rural,Y,36.0,138000.0,5829.0,383.3333333333333,0.06576313833133185,2nd part
Female,No,0,Not Graduate,No,2720,0.0,360.0,0.0,Urban,N,26.0,80000.0,2720.0,222.22222222222223,0.08169934640522876,1st part
Male,Yes,0,Graduate,No,1820,1719.0,360.0,1.0,Urban,Y,44.0,100000.0,3539.0,277.77777777777777,0.07849047125678943,1st part
Male,Yes,1,Graduate,No,7250,1667.0,360.0,0.0,Urban,N,27.0,110000.0,8917.0,305.55555555555554,0.03426663177700522,2nd part
Male,Yes,0,Graduate,No,14880,0.0,360.0,1.0,Semiurban,Y,35.0,96000.0,14880.0,266.6666666666667,0.01792114695340502,4th part
Male,Yes,0,Graduate,No,2666,4300.0,360.0,1.0,Rural,Y,51.0,121000.0,6966.0,336.1111111111111,0.048250231282100355,2nd part
Female,No,1,Not Graduate,No,4606,0.0,360.0,1.0,Rural,N,28.0,81000.0,4606.0,225.0,0.048849326964828486,1st part
Male,Yes,2,Graduate,No,5935,0.0,360.0,1.0,Semiurban,Y,49.0,133000.0,5935.0,369.44444444444446,0.0622484320883647,2nd part
Male,Yes,0,Graduate,No,2920,16.12000084,360.0,1.0,Rural,Y,39.0,87000.0,2936.12000084,241.66666666666666,0.0823081708504856,1st part
Male,No,0,Not Graduate,No,2717,0.0,180.0,1.0,Urban,Y,44.0,60000.0,2717.0,333.3333333333333,0.12268433321064899,1st part
Female,No,1,Graduate,Yes,8624,0.0,360.0,1.0,Semiurban,Y,26.0,150000.0,8624.0,416.6666666666667,0.0483147804576376,2nd part
Male,No,0,Graduate,No,6500,0.0,360.0,0.0,Rural,N,22.0,105000.0,6500.0,291.6666666666667,0.04487179487179487,2nd part
Male,Yes,0,Graduate,No,2425,2340.0,360.0,1.0,Semiurban,Y,25.0,143000.0,4765.0,397.22222222222223,0.08336248105398159,1st part
Male,No,0,Graduate,No,3750,0.0,360.0,1.0,Urban,Y,25.0,100000.0,3750.0,277.77777777777777,0.07407407407407407,1st part
Female,Yes,0,Graduate,No,10047,0.0,240.0,1.0,Semiurban,Y,25.0,128000.0,10047.0,533.3333333333334,0.053083839288676556,3rd part
Male,No,0,Graduate,No,1926,1851.0,360.0,1.0,Semiurban,Y,23.0,50000.0,3777.0,138.88888888888889,0.03677227664519166,1st part
Male,Yes,0,Graduate,No,2213,1125.0,360.0,1.0,Urban,Y,18.0,128000.0,3338.0,355.55555555555554,0.10651754210771586,1st part
Male,No,0,Graduate,Yes,10416,0.0,360.0,0.0,Urban,N,22.0,187000.0,10416.0,519.4444444444445,0.04986985833760028,3rd part
Female,Yes,0,Not Graduate,Yes,7142,0.0,360.0,1.0,Rural,Y,18.0,138000.0,7142.0,383.3333333333333,0.053673107439559414,2nd part
Male,No,0,Graduate,No,3660,5064.0,360.0,1.0,Semiurban,Y,26.0,187000.0,8724.0,519.4444444444445,0.05954200417749249,2nd part
Male,Yes,0,Graduate,No,7901,1833.0,360.0,1.0,Rural,Y,19.0,180000.0,9734.0,500.0,0.051366344770906104,3rd part
Male,No,3+,Not Graduate,No,4707,1993.0,360.0,1.0,Semiurban,Y,18.0,148000.0,6700.0,411.1111111111111,0.06135986733001658,2nd part
Male,Yes,0,Graduate,No,7333,8333.0,300.0,1.0,Rural,Y,28.0,175000.0,15666.0,583.3333333333334,0.03723562704795949,4th part
Male,Yes,1,Graduate,Yes,3466,1210.0,360.0,1.0,Rural,Y,23.0,130000.0,4676.0,361.1111111111111,0.077226499382188,1st part
Male,Yes,2,Not Graduate,No,4652,0.0,360.0,1.0,Rural,Y,22.0,110000.0,4652.0,305.55555555555554,0.06568262157256138,1st part
Male,Yes,0,Graduate,No,3539,1376.0,360.0,1.0,Rural,N,22.0,55000.0,4915.0,152.77777777777777,0.031083983271165367,1st part
Male,Yes,2,Graduate,No,3340,1710.0,360.0,0.0,Rural,N,25.0,150000.0,5050.0,416.6666666666667,0.08250825082508251,1st part
Male,No,1,Not Graduate,Yes,2769,1542.0,360.0,1.0,Semiurban,N,25.0,190000.0,4311.0,527.7777777777778,0.12242583571741542,1st part
Male,Yes,2,Not Graduate,No,2309,1255.0,360.0,0.0,Rural,N,27.0,125000.0,3564.0,347.22222222222223,0.09742486594338447,1st part
Male,Yes,2,Not Graduate,No,1958,1456.0,300.0,1.0,Urban,Y,23.0,60000.0,3414.0,200.0,0.05858230814294083,1st part
Male,Yes,0,Graduate,No,3948,1733.0,360.0,0.0,Rural,N,27.0,149000.0,5681.0,413.8888888888889,0.0728549355551644,2nd part
Male,Yes,0,Graduate,No,2483,2466.0,180.0,0.0,Rural,Y,18.0,90000.0,4949.0,500.0,0.10103051121438675,1st part
Male,No,0,Graduate,Yes,7085,0.0,360.0,1.0,Semiurban,Y,25.0,84000.0,7085.0,233.33333333333334,0.03293342742884028,2nd part
Male,Yes,2,Graduate,No,3859,0.0,360.0,1.0,Semiurban,Y,19.0,96000.0,3859.0,266.6666666666667,0.0691025308801935,1st part
Male,Yes,0,Graduate,No,4301,0.0,360.0,1.0,Urban,Y,20.0,118000.0,4301.0,327.77777777777777,0.07620966700250588,1st part
Male,Yes,0,Graduate,No,3708,2569.0,360.0,1.0,Urban,N,22.0,173000.0,6277.0,480.55555555555554,0.07655815764785018,2nd part
Male,No,2,Graduate,No,4354,0.0,360.0,1.0,Rural,Y,28.0,136000.0,4354.0,377.77777777777777,0.08676568162098709,1st part
Male,Yes,0,Graduate,No,8334,0.0,360.0,1.0,Semiurban,N,19.0,160000.0,8334.0,444.44444444444446,0.0533290670079727,2nd part
Male,Yes,0,Graduate,Yes,2083,4083.0,360.0,1.0,Semiurban,Y,20.0,160000.0,6166.0,444.44444444444446,0.07207986448985476,2nd part
Male,Yes,3+,Graduate,No,7740,0.0,180.0,1.0,Urban,Y,25.0,128000.0,7740.0,711.1111111111111,0.0918748205569911,2nd part
Male,Yes,0,Graduate,No,3015,2188.0,360.0,1.0,Rural,Y,28.0,153000.0,5203.0,425.0,0.08168364405150874,1st part
Female,No,1,Not Graduate,No,5191,0.0,360.0,1.0,Semiurban,Y,25.0,132000.0,5191.0,366.6666666666667,0.07063507352469017,1st part
Male,No,0,Graduate,No,4166,0.0,360.0,0.0,Semiurban,N,23.0,98000.0,4166.0,272.22222222222223,0.06534378833946765,1st part
Male,No,0,Graduate,No,6000,0.0,360.0,1.0,Rural,Y,21.0,140000.0,6000.0,388.8888888888889,0.06481481481481483,2nd part
Male,Yes,3+,Not Graduate,No,2947,1664.0,180.0,0.0,Urban,N,23.0,70000.0,4611.0,388.8888888888889,0.08433938167184751,1st part
Male,Yes,0,Graduate,No,16692,0.0,360.0,1.0,Semiurban,Y,28.0,110000.0,16692.0,305.55555555555554,0.018305508959714566,4th part
Female,Yes,2,Not Graduate,No,210,2917.0,360.0,1.0,Semiurban,Y,24.0,98000.0,3127.0,272.22222222222223,0.08705539565789007,1st part
Male,Yes,0,Graduate,No,4333,2451.0,360.0,1.0,Urban,N,26.0,110000.0,6784.0,305.55555555555554,0.04504061844863731,2nd part
Male,Yes,1,Graduate,Yes,3450,2079.0,360.0,1.0,Semiurban,Y,19.0,162000.0,5529.0,450.0,0.08138903960933261,2nd part
Male,Yes,1,Not Graduate,No,2653,1500.0,180.0,0.0,Rural,N,27.0,113000.0,4153.0,627.7777777777778,0.15116247959975387,1st part
Male,Yes,3+,Graduate,No,4691,0.0,360.0,1.0,Semiurban,Y,26.0,100000.0,4691.0,277.77777777777777,0.059215045358724745,1st part
Female,No,0,Graduate,Yes,2500,0.0,360.0,1.0,Urban,Y,22.0,93000.0,2500.0,258.3333333333333,0.10333333333333333,1st part
Male,No,2,Graduate,No,5532,4648.0,360.0,1.0,Rural,Y,19.0,162000.0,10180.0,450.0,0.04420432220039293,3rd part
Male,Yes,2,Graduate,Yes,16525,1014.0,360.0,1.0,Rural,Y,24.0,150000.0,17539.0,416.6666666666667,0.02375658057281867,5th part
Male,Yes,2,Graduate,No,6700,1750.0,300.0,1.0,Semiurban,Y,23.0,230000.0,8450.0,766.6666666666666,0.09072978303747534,2nd part
Male,Yes,2,Graduate,No,2873,1872.0,360.0,0.0,Semiurban,N,23.0,132000.0,4745.0,366.6666666666667,0.07727432384966632,1st part
Male,Yes,1,Graduate,Yes,16667,2250.0,360.0,1.0,Semiurban,Y,27.0,86000.0,18917.0,238.88888888888889,0.012628264993862076,5th part
Male,Yes,2,Graduate,No,2947,1603.0,360.0,1.0,Urban,N,19.0,128000.0,4550.0,355.55555555555554,0.07814407814407814,1st part
Female,No,0,Not Graduate,No,4350,0.0,360.0,1.0,Rural,Y,28.0,154000.0,4350.0,427.77777777777777,0.0983397190293742,1st part
Male,Yes,3+,Not Graduate,No,3095,0.0,360.0,1.0,Rural,Y,18.0,113000.0,3095.0,313.8888888888889,0.10141805779931791,1st part
Male,Yes,0,Graduate,No,2083,3150.0,360.0,1.0,Semiurban,Y,21.0,128000.0,5233.0,355.55555555555554,0.06794487971633012,1st part
Male,Yes,0,Graduate,No,10833,0.0,360.0,1.0,Semiurban,Y,19.0,234000.0,10833.0,650.0,0.06000184621065264,3rd part
Male,Yes,2,Graduate,No,8333,0.0,360.0,1.0,Semiurban,Y,21.0,246000.0,8333.0,683.3333333333334,0.08200328013120525,2nd part
Male,Yes,1,Not Graduate,No,1958,2436.0,360.0,1.0,Rural,Y,25.0,131000.0,4394.0,363.8888888888889,0.08281494967885501,1st part
Male,No,2,Graduate,No,3547,0.0,360.0,0.0,Rural,N,18.0,80000.0,3547.0,222.22222222222223,0.06265075337530934,1st part
Male,Yes,2,Graduate,Yes,4583,2083.0,360.0,1.0,Semiurban,Y,25.0,160000.0,6666.0,444.44444444444446,0.06667333400006667,2nd part
Male,No,0,Graduate,No,2435,0.0,360.0,1.0,Urban,N,18.0,75000.0,2435.0,208.33333333333334,0.08555783709787818,1st part
Male,No,0,Not Graduate,No,2699,2785.0,360.0,1.0,Semiurban,Y,25.0,96000.0,5484.0,266.6666666666667,0.04862630683199611,2nd part
Male,Yes,1,Not Graduate,No,5333,1131.0,360.0,1.0,Urban,Y,23.0,186000.0,6464.0,516.6666666666666,0.07992986798679867,2nd part
Male,No,0,Not Graduate,No,3691,0.0,360.0,1.0,Rural,Y,21.0,110000.0,3691.0,305.55555555555554,0.08278394894488093,1st part
Female,No,0,Not Graduate,Yes,17263,0.0,360.0,1.0,Semiurban,Y,24.0,225000.0,17263.0,625.0,0.03620459943231188,5th part
Male,Yes,0,Graduate,No,3597,2157.0,360.0,0.0,Rural,N,27.0,119000.0,5754.0,330.55555555555554,0.05744795890781292,2nd part
Female,Yes,1,Graduate,No,3326,913.0,84.0,1.0,Semiurban,Y,21.0,105000.0,4239.0,1250.0,0.2948808681292758,1st part
Male,Yes,0,Not Graduate,No,2600,1700.0,360.0,1.0,Rural,Y,23.0,107000.0,4300.0,297.22222222222223,0.06912144702842378,1st part
Male,Yes,0,Graduate,No,4625,2857.0,12.0,1.0,Urban,Y,19.0,111000.0,7482.0,9250.0,1.2363004544239509,2nd part
Male,Yes,1,Graduate,Yes,2895,0.0,360.0,1.0,Semiurban,Y,23.0,95000.0,2895.0,263.8888888888889,0.09115332949529842,1st part
Male,No,0,Graduate,No,6283,4416.0,360.0,0.0,Rural,N,22.0,209000.0,10699.0,580.5555555555555,0.0542625998276059,3rd part
Female,No,0,Graduate,No,645,3683.0,480.0,1.0,Rural,Y,27.0,113000.0,4328.0,235.41666666666666,0.05439386937769562,1st part
Female,No,0,Graduate,No,3159,0.0,360.0,1.0,Semiurban,Y,19.0,100000.0,3159.0,277.77777777777777,0.08793218669761879,1st part
Male,Yes,2,Graduate,No,4865,5624.0,360.0,1.0,Semiurban,Y,21.0,208000.0,10489.0,577.7777777777778,0.05508416224404403,3rd part
Male,Yes,1,Not Graduate,No,4050,5302.0,360.0,1.0,Rural,N,24.0,138000.0,9352.0,383.3333333333333,0.0409894496720844,3rd part
Male,Yes,0,Not Graduate,No,3814,1483.0,300.0,1.0,Semiurban,Y,27.0,124000.0,5297.0,413.3333333333333,0.078031590208294,2nd part
Male,Yes,2,Graduate,No,3510,4416.0,360.0,1.0,Rural,Y,19.0,243000.0,7926.0,675.0,0.08516275548826646,2nd part
Male,No,0,Graduate,No,3583,0.0,360.0,1.0,Urban,N,28.0,96000.0,3583.0,266.6666666666667,0.07442552795608895,1st part
Male,Yes,0,Graduate,Yes,2479,3013.0,360.0,1.0,Urban,Y,24.0,188000.0,5492.0,522.2222222222222,0.09508780448328881,2nd part
Female,No,1,Graduate,No,13262,0.0,360.0,1.0,Urban,Y,28.0,40000.0,13262.0,111.11111111111111,0.008378156470450242,4th part
Male,No,0,Not Graduate,No,3598,1287.0,360.0,1.0,Rural,N,22.0,100000.0,4885.0,277.77777777777777,0.05686341407938132,1st part
Male,Yes,1,Graduate,No,6065,2004.0,360.0,1.0,Semiurban,Y,19.0,250000.0,8069.0,694.4444444444445,0.08606325993858525,2nd part
Male,Yes,2,Graduate,No,3283,2035.0,360.0,1.0,Urban,Y,23.0,148000.0,5318.0,411.1111111111111,0.07730558689565835,2nd part
Male,Yes,0,Graduate,No,2130,6666.0,180.0,1.0,Semiurban,N,23.0,70000.0,8796.0,388.8888888888889,0.04421201556262948,2nd part
Male,No,0,Graduate,No,5815,3666.0,360.0,1.0,Rural,N,21.0,311000.0,9481.0,863.8888888888889,0.09111790833128246,3rd part
Male,Yes,3+,Graduate,No,3466,3428.0,360.0,1.0,Rural,Y,18.0,150000.0,6894.0,416.6666666666667,0.06043902910743642,2nd part
Female,Yes,2,Graduate,No,2031,1632.0,480.0,1.0,Semiurban,Y,25.0,113000.0,3663.0,235.41666666666666,0.06426881426881427,1st part
Male,Yes,0,Not Graduate,No,3074,1800.0,360.0,0.0,Semiurban,N,22.0,123000.0,4874.0,341.6666666666667,0.07009984954178636,1st part
Male,No,0,Graduate,No,4683,1915.0,360.0,1.0,Semiurban,N,24.0,185000.0,6598.0,513.8888888888889,0.07788555454514837,2nd part
Female,No,0,Not Graduate,No,3400,0.0,360.0,1.0,Rural,N,20.0,95000.0,3400.0,263.8888888888889,0.07761437908496732,1st part
Male,Yes,2,Not Graduate,No,2192,1742.0,360.0,1.0,Semiurban,Y,18.0,45000.0,3934.0,125.0,0.03177427554651754,1st part
Male,No,0,Graduate,No,2500,0.0,360.0,1.0,Semiurban,Y,28.0,55000.0,2500.0,152.77777777777777,0.06111111111111111,1st part
Male,Yes,3+,Graduate,Yes,5677,1424.0,360.0,1.0,Rural,Y,21.0,100000.0,7101.0,277.77777777777777,0.03911812107840836,2nd part
Male,No,0,Graduate,No,4680,2087.0,360.0,1.0,Semiurban,N,23.0,128000.0,6767.0,355.55555555555554,0.05254256768960478,2nd part
Male,Yes,0,Graduate,No,3775,0.0,360.0,1.0,Semiurban,Y,20.0,110000.0,3775.0,305.55555555555554,0.08094186902133922,1st part
Male,Yes,1,Not Graduate,No,5285,1430.0,360.0,0.0,Semiurban,Y,25.0,161000.0,6715.0,447.22222222222223,0.06660047985438901,2nd part
Male,No,1,Not Graduate,No,2679,1302.0,360.0,1.0,Semiurban,Y,28.0,94000.0,3981.0,261.1111111111111,0.06558932708141449,1st part
Male,No,0,Not Graduate,No,6783,0.0,360.0,1.0,Semiurban,Y,23.0,130000.0,6783.0,361.1111111111111,0.05323766933674054,2nd part
Male,Yes,0,Graduate,No,1025,5500.0,360.0,1.0,Rural,Y,19.0,216000.0,6525.0,600.0,0.09195402298850575,2nd part
Male,Yes,3+,Graduate,No,4281,0.0,360.0,1.0,Urban,Y,18.0,100000.0,4281.0,277.77777777777777,0.06488618962340055,1st part
Male,No,2,Graduate,No,3588,0.0,360.0,0.0,Rural,N,20.0,110000.0,3588.0,305.55555555555554,0.08516041124736777,1st part
Male,No,1,Graduate,No,11250,0.0,360.0,1.0,Semiurban,N,22.0,196000.0,11250.0,544.4444444444445,0.04839506172839506,3rd part
Female,No,0,Not Graduate,Yes,18165,0.0,360.0,1.0,Urban,Y,18.0,125000.0,18165.0,347.22222222222223,0.01911490350796709,5th part
Male,No,0,Not Graduate,No,2550,2042.0,360.0,1.0,Rural,Y,20.0,126000.0,4592.0,350.0,0.07621951219512195,1st part
Male,Yes,0,Graduate,No,6133,3906.0,360.0,1.0,Urban,Y,24.0,324000.0,10039.0,900.0,0.08965036358203009,3rd part
Male,No,2,Graduate,No,3617,0.0,360.0,1.0,Semiurban,Y,23.0,107000.0,3617.0,297.22222222222223,0.08217368598900256,1st part
Male,Yes,0,Not Graduate,No,2917,536.0,360.0,1.0,Rural,N,21.0,66000.0,3453.0,183.33333333333334,0.05309392798532677,1st part
Male,Yes,3+,Graduate,No,6417,0.0,180.0,1.0,Rural,Y,27.0,157000.0,6417.0,872.2222222222222,0.1359236749606081,2nd part
Female,Yes,1,Graduate,No,4608,2845.0,180.0,1.0,Semiurban,Y,19.0,140000.0,7453.0,777.7777777777778,0.10435767848890082,2nd part
Female,No,0,Graduate,No,2138,0.0,360.0,0.0,Semiurban,N,20.0,99000.0,2138.0,275.0,0.12862488306828812,1st part
Female,No,1,Graduate,No,3652,0.0,360.0,1.0,Semiurban,Y,23.0,95000.0,3652.0,263.8888888888889,0.07225873189728613,1st part
Male,Yes,1,Not Graduate,No,2239,2524.0,360.0,1.0,Urban,Y,21.0,128000.0,4763.0,355.55555555555554,0.07464949728229174,1st part
Female,Yes,0,Not Graduate,No,3017,663.0,360.0,1.0,Semiurban,Y,28.0,102000.0,3680.0,283.3333333333333,0.0769927536231884,1st part
Male,Yes,0,Graduate,No,2768,1950.0,360.0,1.0,Rural,Y,24.0,155000.0,4718.0,430.55555555555554,0.0912580660355141,1st part
Male,No,0,Not Graduate,No,3358,0.0,36.0,1.0,Semiurban,N,28.0,80000.0,3358.0,2222.222222222222,0.661769571835087,1st part
Male,No,0,Graduate,No,2526,1783.0,360.0,1.0,Rural,Y,22.0,145000.0,4309.0,402.77777777777777,0.09347360821020603,1st part
Female,No,0,Graduate,No,5000,0.0,360.0,0.0,Semiurban,N,22.0,103000.0,5000.0,286.1111111111111,0.057222222222222216,1st part
Male,Yes,0,Graduate,No,2785,2016.0,360.0,1.0,Rural,Y,28.0,110000.0,4801.0,305.55555555555554,0.06364414820986368,1st part
Male,Yes,2,Graduate,Yes,6633,0.0,360.0,0.0,Rural,N,26.0,128000.0,6633.0,355.55555555555554,0.05360403370353619,2nd part
Male,Yes,1,Not Graduate,No,2492,2375.0,360.0,1.0,Rural,Y,25.0,128000.0,4867.0,355.55555555555554,0.0730543570075109,1st part
Male,Yes,1,Graduate,No,3333,3250.0,360.0,1.0,Urban,Y,19.0,158000.0,6583.0,438.8888888888889,0.06667004236501427,2nd part
Male,Yes,0,Not Graduate,No,2454,2333.0,360.0,0.0,Urban,N,18.0,181000.0,4787.0,502.77777777777777,0.10502982614952533,1st part
Male,Yes,0,Graduate,No,3593,4266.0,180.0,0.0,Rural,N,24.0,132000.0,7859.0,733.3333333333334,0.09331127794036562,2nd part
Male,Yes,1,Graduate,No,5468,1032.0,360.0,1.0,Semiurban,Y,24.0,26000.0,6500.0,72.22222222222223,0.011111111111111112,2nd part
Female,No,0,Graduate,No,2667,1625.0,360.0,1.0,Urban,Y,18.0,84000.0,4292.0,233.33333333333334,0.05436470953712333,1st part
Male,Yes,3+,Graduate,Yes,10139,0.0,360.0,1.0,Semiurban,Y,21.0,260000.0,10139.0,722.2222222222222,0.07123209608661822,3rd part
Male,Yes,0,Graduate,No,3887,2669.0,360.0,1.0,Semiurban,Y,19.0,162000.0,6556.0,450.0,0.06863941427699817,2nd part
Female,Yes,0,Graduate,No,4180,2306.0,360.0,1.0,Semiurban,Y,21.0,182000.0,6486.0,505.55555555555554,0.07794566073937026,2nd part
Male,Yes,2,Not Graduate,No,3675,242.0,360.0,1.0,Semiurban,Y,18.0,108000.0,3917.0,300.0,0.07658922644881287,1st part
Male,Yes,0,Graduate,No,5923,2054.0,360.0,1.0,Rural,Y,23.0,211000.0,7977.0,586.1111111111111,0.07347512988731492,2nd part
Male,No,0,Not Graduate,Yes,5800,0.0,360.0,1.0,Semiurban,Y,19.0,132000.0,5800.0,366.6666666666667,0.06321839080459771,2nd part
Male,Yes,2,Graduate,No,8799,0.0,360.0,0.0,Urban,N,26.0,258000.0,8799.0,716.6666666666666,0.08144864946774254,2nd part
Male,Yes,0,Not Graduate,No,4467,0.0,360.0,1.0,Rural,Y,22.0,120000.0,4467.0,333.3333333333333,0.07462129691814043,1st part
Male,No,0,Graduate,No,3333,0.0,360.0,1.0,Urban,Y,21.0,70000.0,3333.0,194.44444444444446,0.058339167250058346,1st part
Male,Yes,3+,Graduate,No,3400,2500.0,360.0,0.0,Rural,N,28.0,123000.0,5900.0,341.6666666666667,0.05790960451977401,2nd part
Female,No,0,Graduate,No,2378,0.0,360.0,1.0,Urban,N,26.0,9000.0,2378.0,25.0,0.010513036164844407,1st part
Male,Yes,0,Graduate,No,3166,2064.0,360.0,0.0,Urban,N,23.0,104000.0,5230.0,288.8888888888889,0.05523688124070534,1st part
Male,Yes,1,Graduate,No,3417,1750.0,360.0,1.0,Urban,Y,20.0,186000.0,5167.0,516.6666666666666,0.09999354880330301,1st part
Male,Yes,0,Graduate,No,5116,1451.0,360.0,0.0,Urban,N,24.0,165000.0,6567.0,458.3333333333333,0.06979341150195421,2nd part
Male,Yes,2,Graduate,No,16666,0.0,360.0,1.0,Urban,Y,20.0,275000.0,16666.0,763.8888888888889,0.04583516674000294,4th part
Male,Yes,2,Not Graduate,No,6125,1625.0,480.0,1.0,Semiurban,N,23.0,187000.0,7750.0,389.5833333333333,0.05026881720430107,2nd part
Male,Yes,3+,Graduate,No,6406,0.0,360.0,1.0,Semiurban,N,24.0,150000.0,6406.0,416.6666666666667,0.06504318867728172,2nd part
Male,Yes,2,Graduate,No,3159,461.0,84.0,1.0,Urban,Y,18.0,108000.0,3620.0,1285.7142857142858,0.3551696921862668,1st part
Male,Yes,0,Graduate,No,3087,2210.0,360.0,0.0,Semiurban,N,18.0,136000.0,5297.0,377.77777777777777,0.07131919535166656,2nd part
Male,No,0,Graduate,No,3229,2739.0,360.0,1.0,Urban,Y,20.0,110000.0,5968.0,305.55555555555554,0.051198987190944296,2nd part
Male,Yes,1,Graduate,No,1782,2232.0,360.0,1.0,Rural,Y,28.0,107000.0,4014.0,297.22222222222223,0.07404639317942756,1st part
Male,No,0,Graduate,No,3182,2917.0,360.0,1.0,Urban,Y,18.0,161000.0,6099.0,447.22222222222223,0.07332713923958391,2nd part
Male,Yes,2,Graduate,No,6540,0.0,360.0,1.0,Semiurban,Y,20.0,205000.0,6540.0,569.4444444444445,0.08707101597009854,2nd part
Female,Yes,0,Graduate,No,3166,0.0,360.0,1.0,Semiurban,Y,25.0,36000.0,3166.0,100.0,0.03158559696778269,1st part
Male,Yes,1,Graduate,No,1880,0.0,360.0,1.0,Rural,N,27.0,61000.0,1880.0,169.44444444444446,0.09013002364066194,1st part
Male,Yes,1,Graduate,No,2787,1917.0,360.0,0.0,Rural,N,18.0,146000.0,4704.0,405.55555555555554,0.08621504157218443,1st part
Male,Yes,1,Graduate,No,4283,3000.0,84.0,1.0,Rural,N,26.0,172000.0,7283.0,2047.6190476190477,0.28115049397487957,2nd part
Male,Yes,0,Graduate,No,2297,1522.0,360.0,1.0,Urban,Y,27.0,104000.0,3819.0,288.8888888888889,0.07564516598295075,1st part
Female,No,0,Not Graduate,No,2165,0.0,360.0,1.0,Semiurban,Y,18.0,70000.0,2165.0,194.44444444444446,0.08981267641775725,1st part
Male,No,0,Graduate,No,4750,0.0,360.0,1.0,Semiurban,Y,21.0,94000.0,4750.0,261.1111111111111,0.05497076023391812,1st part
Male,Yes,2,Graduate,Yes,2726,0.0,360.0,0.0,Semiurban,N,18.0,106000.0,2726.0,294.44444444444446,0.10801336920192386,1st part
Male,Yes,0,Graduate,No,3000,3416.0,180.0,1.0,Semiurban,Y,27.0,56000.0,6416.0,311.1111111111111,0.0484898863951233,2nd part
Male,Yes,2,Graduate,Yes,6000,0.0,240.0,1.0,Semiurban,N,23.0,205000.0,6000.0,854.1666666666666,0.1423611111111111,2nd part
Male,No,3+,Graduate,Yes,9357,0.0,360.0,1.0,Semiurban,Y,25.0,292000.0,9357.0,811.1111111111111,0.08668495362948712,3rd part
Male,Yes,0,Graduate,No,3859,3300.0,180.0,1.0,Rural,Y,18.0,142000.0,7159.0,788.8888888888889,0.11019540283403952,2nd part
Male,Yes,0,Graduate,Yes,16120,0.0,360.0,1.0,Urban,Y,28.0,260000.0,16120.0,722.2222222222222,0.044802867383512544,4th part
Male,No,0,Not Graduate,No,3833,0.0,360.0,1.0,Rural,Y,23.0,110000.0,3833.0,305.55555555555554,0.07971707684726208,1st part
Male,Yes,2,Not Graduate,Yes,6383,1000.0,360.0,1.0,Rural,N,24.0,187000.0,7383.0,519.4444444444445,0.07035682574081599,2nd part
Male,No,0,Graduate,No,2987,0.0,360.0,0.0,Semiurban,N,24.0,88000.0,2987.0,244.44444444444446,0.08183610460142098,1st part
Male,Yes,0,Graduate,Yes,9963,0.0,360.0,1.0,Rural,Y,22.0,180000.0,9963.0,500.0,0.05018568704205561,3rd part
Male,Yes,2,Graduate,No,5780,0.0,360.0,1.0,Urban,Y,24.0,192000.0,5780.0,533.3333333333334,0.0922722029988466,2nd part
Male,Yes,0,Not Graduate,No,2894,2792.0,360.0,1.0,Rural,Y,18.0,155000.0,5686.0,430.55555555555554,0.07572204635166295,2nd part
Male,Yes,3+,Graduate,No,5703,0.0,360.0,1.0,Urban,Y,25.0,128000.0,5703.0,355.55555555555554,0.06234535429695871,2nd part
Male,No,0,Graduate,No,3676,4301.0,360.0,1.0,Rural,Y,26.0,172000.0,7977.0,477.77777777777777,0.05989441867591548,2nd part
Male,Yes,0,Not Graduate,No,2400,3800.0,180.0,1.0,Urban,N,26.0,128000.0,6200.0,711.1111111111111,0.11469534050179211,2nd part
Male,Yes,1,Graduate,No,3400,2500.0,360.0,1.0,Semiurban,Y,19.0,173000.0,5900.0,480.55555555555554,0.08145009416195857,2nd part
Male,Yes,2,Not Graduate,No,3987,1411.0,360.0,1.0,Rural,Y,18.0,157000.0,5398.0,436.1111111111111,0.08079123955374418,2nd part
Male,Yes,0,Graduate,No,3232,1950.0,360.0,1.0,Rural,Y,28.0,108000.0,5182.0,300.0,0.057892705519104595,1st part
Female,No,0,Graduate,No,2900,0.0,360.0,1.0,Rural,Y,19.0,71000.0,2900.0,197.22222222222223,0.06800766283524905,1st part
Male,Yes,3+,Graduate,No,4106,0.0,180.0,1.0,Rural,Y,25.0,40000.0,4106.0,222.22222222222223,0.0541213400443795,1st part
Male,Yes,1,Graduate,No,8072,240.0,360.0,1.0,Urban,Y,23.0,253000.0,8312.0,702.7777777777778,0.08454978077210994,2nd part
Male,Yes,2,Graduate,No,7583,0.0,360.0,1.0,Urban,Y,21.0,187000.0,7583.0,519.4444444444445,0.06850117953902736,2nd part
Female,No,0,Graduate,Yes,4583,0.0,360.0,0.0,Semiurban,N,22.0,133000.0,4583.0,369.44444444444446,0.08061192329139089,1st part
